title,artist,id,uri,labels,distances
Gltchlfe (Kdrew Radio Edit),Taryn Manning,5IF16c5m61ofhwU0uAqCOF,spotify:track:5IF16c5m61ofhwU0uAqCOF,0,0.21083904413675006
Fade Away,Nasko,7kQFub7oUNikwLXPldA69U,spotify:track:7kQFub7oUNikwLXPldA69U,0,0.21711063385862317
Life Goes On,Akade,1GhPC6vSuridTr0j2lHfRz,spotify:track:1GhPC6vSuridTr0j2lHfRz,0,0.21827504544793705
Back Together,William Black,7MD5qMLhP1Xll1yACGFR2h,spotify:track:7MD5qMLhP1Xll1yACGFR2h,0,0.2326269349125386
Safe House,Dr Phunk,3u7417TclSj7K4zSqQjWmJ,spotify:track:3u7417TclSj7K4zSqQjWmJ,0,0.2427239800049829
Ever After,Abandoned,3HShwxnt0cHLHco1cC0NgP,spotify:track:3HShwxnt0cHLHco1cC0NgP,0,0.24457071803435104
Back In Time,Refuzion,3CcTzamEGKIwyBSZa4ahjX,spotify:track:3CcTzamEGKIwyBSZa4ahjX,0,0.2476798402408179
Just For A Moment (feat. Iselin),Gryffin,66U2Ud0RBGfQ0ZQrI2m8FC,spotify:track:66U2Ud0RBGfQ0ZQrI2m8FC,0,0.25175476845204553
Overrunning - Original Mix,KAAZE,2eVduxuNWfn2Ou75wPlYYj,spotify:track:2eVduxuNWfn2Ou75wPlYYj,0,0.2691102688798672
Better Apart (feat. Dresage),Jai Wolf,1TFC1wutiIHQQ9buf8bxQI,spotify:track:1TFC1wutiIHQQ9buf8bxQI,0,0.2697263450040489
Everybody Feels (feat. Zack Gray),ARMNHMR,1B1YBXBQwN0DCBLJTSMVMy,spotify:track:1B1YBXBQwN0DCBLJTSMVMy,0,0.2716071999078832
How Far I'll Go,Da Tweekaz,5vUVe1o9MvB6161zjXlMxc,spotify:track:5vUVe1o9MvB6161zjXlMxc,0,0.27413247642892763
Oceans & Galaxies,Jauz,5NQKpa6uCqZcaFkAbUK4XB,spotify:track:5NQKpa6uCqZcaFkAbUK4XB,0,0.2747414712349917
Home (feat. Niko Athanasatos) - Nurko Remix,MitiS,5GjwdLwp8RdfyoEodTfuQY,spotify:track:5GjwdLwp8RdfyoEodTfuQY,0,0.2808867563286578
Blood and Moonlight,Celestial Void,22PQ3q11bQCUoFdiHnXbRf,spotify:track:22PQ3q11bQCUoFdiHnXbRf,0,0.2885487525592339
Haven,William Black,6Xcqm2M79Y6DvFcmAO6UqJ,spotify:track:6Xcqm2M79Y6DvFcmAO6UqJ,0,0.29161359598456144
One More Day (with Chandler Leighton),Jason Ross,7hCZVX8ogwzgszIKtkD6Bv,spotify:track:7hCZVX8ogwzgszIKtkD6Bv,0,0.29680314074178715
ALRIGHT THEN,Kayzo,4uoU9KYkJ1aKCLLlfABfiS,spotify:track:4uoU9KYkJ1aKCLLlfABfiS,0,0.29731612097391263
Sun Goes Down,Fabian Mazur,1G7n7yk87srCJsVwosNuj4,spotify:track:1G7n7yk87srCJsVwosNuj4,0,0.29971294234184803
Run,Kai Wachi,7Ay1JeXkSBpZRMB6dYHc3k,spotify:track:7Ay1JeXkSBpZRMB6dYHc3k,0,0.3054071737477479
Out of Heaven,Dr Rude,1cze5qtHHNgumQlVNbirPU,spotify:track:1cze5qtHHNgumQlVNbirPU,0,0.3103629931685034
Lucid Dream,Owl City,4icP6VWlKBLIHzl0bBD4xw,spotify:track:4icP6VWlKBLIHzl0bBD4xw,0,0.3125636185271773
Soldier,Blasterjaxx,531fH38d55w3ae5IZZ8EHE,spotify:track:531fH38d55w3ae5IZZ8EHE,0,0.3190598406522365
A World Unknown,Effused,3Le95ogKkSjyaFhOAl7Dlu,spotify:track:3Le95ogKkSjyaFhOAl7Dlu,0,0.3215044897125546
Poison,WE ARE FURY,6NzRbyRf0kWku9n9M32Fs0,spotify:track:6NzRbyRf0kWku9n9M32Fs0,0,0.3220663491636283
The Forgotten Star,Avi8,00Li0jiXb8tyRpXU3oah6n,spotify:track:00Li0jiXb8tyRpXU3oah6n,0,0.323452414926186
SuperHuman,BlackGummy,6nwJbTWGcUUB7QqeI6eiQd,spotify:track:6nwJbTWGcUUB7QqeI6eiQd,0,0.3268462459046665
Blame Myself - ILLENIUM and Virtual Riot Remix,ILLENIUM,72srz1PlxoUUNiw6JcqaaI,spotify:track:72srz1PlxoUUNiw6JcqaaI,0,0.33861765630271573
Oceans (feat. NKOLO),ARMNHMR,5Zx2Sy6lTc5vxCccyedLdA,spotify:track:5Zx2Sy6lTc5vxCccyedLdA,0,0.34318710732401314
Never Be Forgotten,Code Black,33AKgG3TIvoiIDk4geYjVx,spotify:track:33AKgG3TIvoiIDk4geYjVx,0,0.34570586486854565
On My Own - ZAXX Remix,Lookas,13Z9Bzr4Qrez0g2lOoBZ9B,spotify:track:13Z9Bzr4Qrez0g2lOoBZ9B,0,0.34605580131659136
My Heroine,Silverstein,2i4yyBwHqj91tSHu0gIeUg,spotify:track:2i4yyBwHqj91tSHu0gIeUg,0,0.3507092668113872
Smoke,Didrick,3ShXDaOcQi162qjCa0FXBX,spotify:track:3ShXDaOcQi162qjCa0FXBX,0,0.35123715725015087
Colors,Tritonal,2UXfcIiYWyIvKBlHyNQlsD,spotify:track:2UXfcIiYWyIvKBlHyNQlsD,0,0.3514363470999692
Into The Madness - Radio Edit,Coone,5bWdN13Vj7uy7A57LmJ9Fx,spotify:track:5bWdN13Vj7uy7A57LmJ9Fx,0,0.35316509068026936
Follow Me,Refuzion,1XPrdatOymlUrpdRJYkw80,spotify:track:1XPrdatOymlUrpdRJYkw80,0,0.3533616077340251
Can't Fight It,Quintino,41CqhTwCbwwwZ0SOjL4HBc,spotify:track:41CqhTwCbwwwZ0SOjL4HBc,0,0.35533751603059166
Paranoia,Heatwavez,7LzNTMZSTQNVFcfoDIEfvo,spotify:track:7LzNTMZSTQNVFcfoDIEfvo,0,0.3568527044828005
Between Our Hearts (feat. CXLOE),Cheat Codes,1dFPRhe24gj4Fq5kZcSQI9,spotify:track:1dFPRhe24gj4Fq5kZcSQI9,0,0.35711465379617896
A Thousand Seas (Mixed),MaRLo,48AC2IY4O7y0L4cDSmvDkD,spotify:track:48AC2IY4O7y0L4cDSmvDkD,0,0.3576069203375374
Here We Are,Ferry Corsten,1NpOL5LNyiyfr2yu1bM1BT,spotify:track:1NpOL5LNyiyfr2yu1bM1BT,0,0.3620358752882888
I Don't Wanna Know,Friendzone,7BNVTdnnoMPzj8URWmmGMU,spotify:track:7BNVTdnnoMPzj8URWmmGMU,0,0.36334799733430334
Breathe,Prismo,6HGio6Ll8mmI63jwqwi4AS,spotify:track:6HGio6Ll8mmI63jwqwi4AS,0,0.36821517196622905
Just Dawn Hue,Herobust,0j4mEjICbdoBzUBkNdxJIa,spotify:track:0j4mEjICbdoBzUBkNdxJIa,0,0.3715824210898324
S'mores Ft. Popsikl,Trollphace,11rQxvRNyif1MQZCdjGZzP,spotify:track:11rQxvRNyif1MQZCdjGZzP,0,0.37497229794922904
Smooth Operator,Joel Fletcher,4M9ADXIvLbHsF0w9qANZ0x,spotify:track:4M9ADXIvLbHsF0w9qANZ0x,0,0.37868737392734614
Reptile's Theme,Skrillex,1GPVsNek0U5PegVpW0rxcy,spotify:track:1GPVsNek0U5PegVpW0rxcy,0,0.3798110478343596
Island (feat. Nevve),Seven Lions,3HKiR4t12GW18bnPUVhx5l,spotify:track:3HKiR4t12GW18bnPUVhx5l,0,0.38037703643050147
Us Against the World,Darren Styles,0xGefLIJMvEW7GkFp7KHnl,spotify:track:0xGefLIJMvEW7GkFp7KHnl,0,0.3803852464383729
Needed You (StayLoose Remix),ILLENIUM,4hIDKvLeQWelfBkX4W93hH,spotify:track:4hIDKvLeQWelfBkX4W93hH,0,0.3884690343243582
Talk to Me - 13 Remix,Kraysh,0PiQ1RdODbYXEHZJ0G65UP,spotify:track:0PiQ1RdODbYXEHZJ0G65UP,0,0.38947362536824826
Broken - Cash Cash Remix,Tritonal,3RZ7PiDgjKjFXlGKPt8dhK,spotify:track:3RZ7PiDgjKjFXlGKPt8dhK,0,0.3897595709987761
Smile Without U (feat. Nevve),Bear Grillz,0LHxnRDVK7xDHazGTqGpus,spotify:track:0LHxnRDVK7xDHazGTqGpus,0,0.3901713079946601
Wait,August Alsina,3ak6Fscs4qMoVsIwaDLgZv,spotify:track:3ak6Fscs4qMoVsIwaDLgZv,0,0.3930594692021165
Second Chance,Shinedown,4SoW2opWj7agZONjDg77N3,spotify:track:4SoW2opWj7agZONjDg77N3,0,0.3933601477738142
Find Me,DJ Isaac,1qMpizsteqlAZ1AHcQV6wn,spotify:track:1qMpizsteqlAZ1AHcQV6wn,0,0.3933616426764649
Welcome To Mayhem VIP ft. In Hearts Wake,In Hearts Wake,1Mwwp0GcsarilJYn4F6CCe,spotify:track:1Mwwp0GcsarilJYn4F6CCe,0,0.3961858512548004
WITH U,NAZAAR,1xuIethB7B6S14ZdQ2LxoW,spotify:track:1xuIethB7B6S14ZdQ2LxoW,0,0.3985964554636231
Somebody To Love (feat. GLNNA),ARMNHMR,5kXSIYvauj9U6cWCh5nBxt,spotify:track:5kXSIYvauj9U6cWCh5nBxt,0,0.40669758257571803
Do It All Again,Abandoned,7gb21333NUoRxumucJXcW5,spotify:track:7gb21333NUoRxumucJXcW5,0,0.40987876426580155
To the Grave,SNAILS,0fmr5Jlm7SEMzQ4FEpXCgI,spotify:track:0fmr5Jlm7SEMzQ4FEpXCgI,0,0.4131877189228853
For Ever,Zatox,3TRVbGbpw25iGsPlFaGShS,spotify:track:3TRVbGbpw25iGsPlFaGShS,0,0.41441876664488564
Take It All,Kompany,7Bge1ZvrtAjR2X3XgJN7n2,spotify:track:7Bge1ZvrtAjR2X3XgJN7n2,0,0.41578320120821005
Numb,FWLR,630NiPTctVxSOSXaqFdPVS,spotify:track:630NiPTctVxSOSXaqFdPVS,0,0.42015935562455814
Speeding Cars,Walking On Cars,4wLvmlgcHW5ZkNERDIDv5H,spotify:track:4wLvmlgcHW5ZkNERDIDv5H,0,0.4210119736357671
Sunburn,DROELOE,0KL9K9gnnbVEdA5t1F6EIs,spotify:track:0KL9K9gnnbVEdA5t1F6EIs,0,0.42576269831912916
Let Me Go,Sullivan King,6gySerfKKZpMZb1t8gz2HR,spotify:track:6gySerfKKZpMZb1t8gz2HR,0,0.4300595534759228
Beautiful World [Mix Cut] - Original Mix,Blasterjaxx,7xFzJKSGHcfvxRuAD82yob,spotify:track:7xFzJKSGHcfvxRuAD82yob,0,0.43193932038299965
Sad Machine,Porter Robinson,1JY6B9ILvmRla2IKKRZvnH,spotify:track:1JY6B9ILvmRla2IKKRZvnH,0,0.43269766703830403
Give Up On You,hayve,2RwxKOqGh9IEiBpwVLgkQT,spotify:track:2RwxKOqGh9IEiBpwVLgkQT,0,0.43389456305649593
Side By Side (with MKLA),Syn Cole,37107dPB28NderX4Tpbirg,spotify:track:37107dPB28NderX4Tpbirg,0,0.436125348649517
Heart Starts to Beat,Blasterjaxx,02fbPCPI1RZ6J58ZexOV1f,spotify:track:02fbPCPI1RZ6J58ZexOV1f,0,0.43952712284789525
Whiplash,D'Amico & Valax,2ArZ1ddGz0Lc8bwPKwiSTo,spotify:track:2ArZ1ddGz0Lc8bwPKwiSTo,0,0.44061570128189936
Jar of Hearts,KEPIK,3GdjhlnNqJ6feNQgNM8Qzo,spotify:track:3GdjhlnNqJ6feNQgNM8Qzo,0,0.4413665994550682
You Don't Even Know Me,SLANDER,1AcoISuZA2tq5uFOwRA7yu,spotify:track:1AcoISuZA2tq5uFOwRA7yu,0,0.44330922992773575
Icarus,Madeon,1pUsdir2xhSxP0RyBe9lLH,spotify:track:1pUsdir2xhSxP0RyBe9lLH,0,0.4455317266495313
Don't Look Down (Hold On),Excision,65krG6c3veTz66mIdSU16f,spotify:track:65krG6c3veTz66mIdSU16f,0,0.44675493898559193
Lights Out,Taska Black,6rwhrp7xkm8xTSZOBwIyyv,spotify:track:6rwhrp7xkm8xTSZOBwIyyv,0,0.44874056290283915
Sacrifice,yetep,7kilS4xKUVIbegBIUckNdk,spotify:track:7kilS4xKUVIbegBIUckNdk,0,0.4504086905979991
Saving Light (ASOT 800 - Part 3),Gareth Emery,1EbIk2UzaBisbUHeQKAvZ6,spotify:track:1EbIk2UzaBisbUHeQKAvZ6,0,0.4532830678978339
Booyah - Breathe Carolina Remix,Showtek,2PYMzBuG0zSQwGZspca0ez,spotify:track:2PYMzBuG0zSQwGZspca0ez,0,0.4546964974517609
crushcrushcrush,Paramore,3VA4sjTMSTTF02hFGmlpJh,spotify:track:3VA4sjTMSTTF02hFGmlpJh,0,0.45979614885248044
End of Time,Arc North,0eey1qkbAYy8j8Z51MlvAU,spotify:track:0eey1qkbAYy8j8Z51MlvAU,0,0.4609251889628465
C U Again,Cartoon,4zsxBgPkUFYEoOGDncGIBd,spotify:track:4zsxBgPkUFYEoOGDncGIBd,0,0.46142957728198153
the depths,cleopatrick,0p12YDbEFWf4joFeTMvgtF,spotify:track:0p12YDbEFWf4joFeTMvgtF,0,0.4616475491895379
Afterbloom (feat. Deza),MOTi,6DploCSZVf5gvIP7WBBU6S,spotify:track:6DploCSZVf5gvIP7WBBU6S,0,0.4657553566177866
Sad B*tch,Borgore,12HbZSQSoTtdbPNokldUCG,spotify:track:12HbZSQSoTtdbPNokldUCG,0,0.4684443481997888
Void,Pouya,4UYQHTgOlSdaQWfUTAjpop,spotify:track:4UYQHTgOlSdaQWfUTAjpop,0,0.47134608539293255
Halos - Edit,Frontliner,3ZofBN4FoNuRlBqRN2q9Mg,spotify:track:3ZofBN4FoNuRlBqRN2q9Mg,0,0.473449246035056
Show Some Teeth,Sullivan King,6UBVCjKn8zahjUqxopnKRD,spotify:track:6UBVCjKn8zahjUqxopnKRD,0,0.4778198195562429
Before The Storm,Kayzo,2p74LHxhjmrvR3hJmn4e4F,spotify:track:2p74LHxhjmrvR3hJmn4e4F,0,0.4812495964648632
Sad Machine,KLOUD,10eWcGsvKXrLYVVBFSvI8G,spotify:track:10eWcGsvKXrLYVVBFSvI8G,0,0.482666886425279
Ask Yourself,Fancy Monster,6UkGChbUEn77IzMwBV08mW,spotify:track:6UkGChbUEn77IzMwBV08mW,0,0.4843599416586425
LITM (feat. Kat Nestel) - M35 Remix,LUMBERJVCK,0xSyVJJDm38MkniDX44cnd,spotify:track:0xSyVJJDm38MkniDX44cnd,0,0.48740601615152285
Close To The Sun,TheFatRat,7CQjnYsGLdtcrsp95oBpCv,spotify:track:7CQjnYsGLdtcrsp95oBpCv,0,0.4883411035042809
Fight Me,Megalodon,4Enymf94hmYbiwrpIUtd8f,spotify:track:4Enymf94hmYbiwrpIUtd8f,0,0.49071589284021155
Drowning (ASOT 825),Orjan Nilsen,5vzQOakBMtLny1ffjyURBn,spotify:track:5vzQOakBMtLny1ffjyURBn,0,0.49345542744463516
Electronic Memories (feat. Mickey Kojak),k?d,2viJufnGlsjR1X51CEHpeg,spotify:track:2viJufnGlsjR1X51CEHpeg,0,0.4940805485637535
Another Me (with Dylan Matthew),Seven Lions,6sLohu3lQbmMhYVnb6OTvw,spotify:track:6sLohu3lQbmMhYVnb6OTvw,0,0.49705930095525486
Another Me,Excision,0fDcmZmYUwo1OxiAS1XDN2,spotify:track:0fDcmZmYUwo1OxiAS1XDN2,0,0.49705930095525486
Good Enough,Marcus James,6tPYz05avJHydJ4gv8JAmn,spotify:track:6tPYz05avJHydJ4gv8JAmn,0,0.5011955504413579
So Far Gone,NURKO,5UNtPhsi8vPmJI3yeaiKTS,spotify:track:5UNtPhsi8vPmJI3yeaiKTS,0,0.502268666344697
Out My Head - 145 Remix,Fox Stevenson,4PcKrkeG9qhh09VmXD3OPl,spotify:track:4PcKrkeG9qhh09VmXD3OPl,0,0.509608240828405
Stuck On You (feat. Donna Tella),Blanke,4YEakHI6sat9bV875QBNcW,spotify:track:4YEakHI6sat9bV875QBNcW,0,0.5102096887189689
Like We - Reaper Remix,Krewella,0l5H1VqAkqE2dGtwIbsMoP,spotify:track:0l5H1VqAkqE2dGtwIbsMoP,0,0.5146031261156722
Dry Blood,Highlnd,6WqrGbkeXPT7Lqz8DNywoQ,spotify:track:6WqrGbkeXPT7Lqz8DNywoQ,0,0.5149600168517598
Worlds Apart,Seven Lions,7aOMhCNsHLflgdMkg6im7g,spotify:track:7aOMhCNsHLflgdMkg6im7g,0,0.5205127900589469
don't wanna believe,iann dior,6UoRwDlcwTzajgPvAxuyT4,spotify:track:6UoRwDlcwTzajgPvAxuyT4,0,0.5220449862552841
In Your Eyes,DG812,0H1jTcABJlI4DnAHTjl2mi,spotify:track:0H1jTcABJlI4DnAHTjl2mi,0,0.524417809012038
Catching On (feat. Nevve),Elephante,5be60DE1dTfKoeyxQj0tR0,spotify:track:5be60DE1dTfKoeyxQj0tR0,0,0.5260007373755041
Saving Light - Hixxy Remix,Gareth Emery,7vj8uPjVlDgNyVvLGp3jjf,spotify:track:7vj8uPjVlDgNyVvLGp3jjf,0,0.5333286123489687
Love For You,SABAI,7ao8imeoghP0rWSOrIJalv,spotify:track:7ao8imeoghP0rWSOrIJalv,0,0.5338014946038037
Leave This Place,LIONE,5sev6W7EhkB6mQVzy1OmqK,spotify:track:5sev6W7EhkB6mQVzy1OmqK,0,0.54255080723298
Someone Else,Sullivan King,44MxUoeZg6FXDlHMrSbVjX,spotify:track:44MxUoeZg6FXDlHMrSbVjX,0,0.5470390503106161
What U Feel - Radio Edit,Oryon,369VPxn5cdeO7LH08Dr31t,spotify:track:369VPxn5cdeO7LH08Dr31t,0,0.5537913928667357
Sad Machine - Deon Custom Remix,Porter Robinson,4Ub38TF0pi2m8re6Lcyz1t,spotify:track:4Ub38TF0pi2m8re6Lcyz1t,0,0.5581815841539123
Get High,Oliverse,7ikxeH5UEtVb5okhmgk60g,spotify:track:7ikxeH5UEtVb5okhmgk60g,0,0.5586298503698091
Talking to the Moon,Bruno Mars,161DnLWsx1i3u1JT05lzqU,spotify:track:161DnLWsx1i3u1JT05lzqU,0,0.5660901354242776
HELIX - Extended Mix,Sick Individuals,5B3YkHLp37Tasn8uCKnYhp,spotify:track:5B3YkHLp37Tasn8uCKnYhp,0,0.5720463470802447
Farewell - Sauniks Remix,Sauniks,3JWApMuTjjfnS3G7ZGEKaE,spotify:track:3JWApMuTjjfnS3G7ZGEKaE,0,0.5732360929541709
Sleepwalker,AWAY,3UEvEhSkb8AIQXfxOB4u0P,spotify:track:3UEvEhSkb8AIQXfxOB4u0P,0,0.595276933042564
Quit (feat. Ariana Grande),Cashmere Cat,4rwqrKdwlFWJ6LvPYaOtgn,spotify:track:4rwqrKdwlFWJ6LvPYaOtgn,0,0.6496684107749023
don't let me fall,Asaa,7Cq2CUMHkefrKchjsiDQ0w,spotify:track:7Cq2CUMHkefrKchjsiDQ0w,0,0.6499372393513767
Just A Memory,ALLTALE,4gA3WZIObpNyWbussFU2tS,spotify:track:4gA3WZIObpNyWbussFU2tS,0,0.6546661349239717
FOREVER,Kayzo,0WU4dgElEBK9cOf2cwNfaw,spotify:track:0WU4dgElEBK9cOf2cwNfaw,0,0.6705484711978061
Nothing Good Comes Easy,Felix Cartal,1m66iYSRv0qEQBo0RqyPaw,spotify:track:1m66iYSRv0qEQBo0RqyPaw,0,0.6757638775792094
Zombie - Gammer Flip,Ran-D,4DXGYUPycPAg8sjMY5QXpC,spotify:track:4DXGYUPycPAg8sjMY5QXpC,0,0.6912465850249092
Purge,Badklaat,1iOiwVWx7WggyyJA00Clj9,spotify:track:1iOiwVWx7WggyyJA00Clj9,0,0.7096668165493905
Don't Call,Lost Kings,5Leb8e1Nirv6IFHrmvJNv3,spotify:track:5Leb8e1Nirv6IFHrmvJNv3,0,0.7206188470042446
Put EM Up,W&W,0JGxsfTrLhkhGCJKdLvyuL,spotify:track:0JGxsfTrLhkhGCJKdLvyuL,0,0.742006336511686
8 Letters,Why Don't We,4zRZAmBQP8vhNPf9i9opXt,spotify:track:4zRZAmBQP8vhNPf9i9opXt,0,0.748440441657982
Anything U Want,Diskord,1Fd9CVGTUBx0OyMtteou6x,spotify:track:1Fd9CVGTUBx0OyMtteou6x,0,0.7489009669272352
With You,Kaskade,1xK7enJZVdv37fnnxoZlPq,spotify:track:1xK7enJZVdv37fnnxoZlPq,0,0.7636784554236292
BAD NEWS,Aries,60ZppukPfY43NDU9meKJrz,spotify:track:60ZppukPfY43NDU9meKJrz,0,0.7688051372269122
Me & My Friends,Munn,3ZuODl7QqOQWVAOrLZJOsU,spotify:track:3ZuODl7QqOQWVAOrLZJOsU,0,0.7765267586997867
ASCENSION,setti,7ezuEfbIVwgb8Z0RprGeoE,spotify:track:7ezuEfbIVwgb8Z0RprGeoE,0,0.7929953720049072
Taped Up Heart (feat. Clara Mae) - Joe Mason Remix,KREAM,5Ik4kjXrJswlj17Gqf4MPl,spotify:track:5Ik4kjXrJswlj17Gqf4MPl,0,0.7948279734270004
Your Love,Soar,2VDjmEOEP7UvzsYjZprNZg,spotify:track:2VDjmEOEP7UvzsYjZprNZg,0,0.8151121827915049
Face My Fears,Wind Walkers,2GFzQSigl78S1slVJ25rZD,spotify:track:2GFzQSigl78S1slVJ25rZD,0,0.8155163271332755
Down with the Sickness,Disturbed,40rvBMQizxkIqnjPdEWY1v,spotify:track:40rvBMQizxkIqnjPdEWY1v,0,0.8161775450300369
Run - Acoustic,Dylan Matthew,1ub9kv2OJiDMsX94lVnmeP,spotify:track:1ub9kv2OJiDMsX94lVnmeP,0,0.868477428590705
Ocean Eyes (Acoustic),SVRCINA,1mKAKzJuIZWz3M0nbVDfmD,spotify:track:1mKAKzJuIZWz3M0nbVDfmD,0,0.880927283968753
Epidemic (Introduction),Ed Money 2.0,3nRAg3yFDijl0B88b9P5q4,spotify:track:3nRAg3yFDijl0B88b9P5q4,0,1.0438423820085014
Over You (feat. Lena Leon),Wooli,1hAIqjvhVaARwUqUmTXSy2,spotify:track:1hAIqjvhVaARwUqUmTXSy2,1,0.17048762807506393
Truest Lies - Retrovision Remix,Far Out,0Bk3gDVe5fQV7quGbLcwzg,spotify:track:0Bk3gDVe5fQV7quGbLcwzg,1,0.20088808031392702
Another World - Radio Edit,Refuzion,5pRU1fv100K3msAXndAXXf,spotify:track:5pRU1fv100K3msAXndAXXf,1,0.20994885213307593
Searching For Nothing,Fells,6YSVt64BHDRcgXtPybnbj5,spotify:track:6YSVt64BHDRcgXtPybnbj5,1,0.21577474536208047
Apologize,Silverstein,04Lf6FH7DGoQdu3IjByT05,spotify:track:04Lf6FH7DGoQdu3IjByT05,1,0.2188338066381149
This is Cyber - Radio Edit,Cyber,223saNbzUiEfmzrtASjjy2,spotify:track:223saNbzUiEfmzrtASjjy2,1,0.21951822138357557
Plans,Elephante,3Zx07k3IUO99TVIBBYo3KZ,spotify:track:3Zx07k3IUO99TVIBBYo3KZ,1,0.22109218033320002
Eternity (feat. Dayce Williams),NURKO,2OYgoG7jqfMXsUaQfgROtw,spotify:track:2OYgoG7jqfMXsUaQfgROtw,1,0.22659467365664332
Over & Over,Nick Ledesma,6QKxsEjNFy1Za7tGwnDoDU,spotify:track:6QKxsEjNFy1Za7tGwnDoDU,1,0.23286121874545396
Silence - Illenium Remix,Marshmello,5ip3FCi89E2eDtId6kcJmo,spotify:track:5ip3FCi89E2eDtId6kcJmo,1,0.23312449627565093
Up in Flames (feat. Emma Sameth),Sinner's Heist,06QHzDKaQX6Wfvicki1uv5,spotify:track:06QHzDKaQX6Wfvicki1uv5,1,0.24130213429292616
YOU,Hamster,35MBwT9WK744IZVgtpbosb,spotify:track:35MBwT9WK744IZVgtpbosb,1,0.24332244812489917
Ready to Fly (feat. Adam Young),Didrick,0VKzFzhn37x6B7OBLaxlPj,spotify:track:0VKzFzhn37x6B7OBLaxlPj,1,0.2460236167285076
Tunnel Vision,Matt Baer,39ICGwIJ5aAXQluNHvRSsK,spotify:track:39ICGwIJ5aAXQluNHvRSsK,1,0.25240558876257146
When I Was Young (feat. Brooke Williams) [BVRNOUT Remix],Neo Noir,1hdgrQiPz2JEIVpPqPScYX,spotify:track:1hdgrQiPz2JEIVpPqPScYX,1,0.25246622551148307
After The Storm,3rd Prototype,3Sz7Np8ohchbjJ7sPbOnMu,spotify:track:3Sz7Np8ohchbjJ7sPbOnMu,1,0.26014980331404974
Washout - Remix,GOLDHOUSE,4MWmxdpqsD12f3LNp2pXps,spotify:track:4MWmxdpqsD12f3LNp2pXps,1,0.26231804198369063
Thoughts Of You,Bear Grillz,3kcF9tCDBjg1cEKovHpopQ,spotify:track:3kcF9tCDBjg1cEKovHpopQ,1,0.26344025375720653
Be Ok - Blanke Remix,Party Favor,6TylxA1MX5JMxRea5wDUam,spotify:track:6TylxA1MX5JMxRea5wDUam,1,0.2702695969886508
See Me Now - Da Tweekaz Remix Radio Edit,Mark With a K,2tFst7uRk83zd8Gmhx5Xst,spotify:track:2tFst7uRk83zd8Gmhx5Xst,1,0.270536116304862
Lost Control (feat. Bianca),Tyron Hapi,5SXG6gIw6FRFPWwBQksSJT,spotify:track:5SXG6gIw6FRFPWwBQksSJT,1,0.27249109963728674
Nobody Compares To You,Gryffin,47165S9Ppynsd9rIzVG4uS,spotify:track:47165S9Ppynsd9rIzVG4uS,1,0.2753835022024557
Tonight,NURKO,3BP1klbHxsOf6IxscNIX0r,spotify:track:3BP1klbHxsOf6IxscNIX0r,1,0.27565233599545214
Bad Things - With Camila Cabello,Machine Gun Kelly,56cswAa9WdFBsjsTyPBAKA,spotify:track:56cswAa9WdFBsjsTyPBAKA,1,0.27781842794273104
"Anywhere (feat. shYbeast, PLYA)",SLANDER,07ImPoPqKNwqucuPEZooBj,spotify:track:07ImPoPqKNwqucuPEZooBj,1,0.2791329501858805
Leave My Hand - Feenixpawl Remix,MaRLo,3kFS0QXzGjyUwo2WrabgTR,spotify:track:3kFS0QXzGjyUwo2WrabgTR,1,0.2817325957084846
They're Just Ghosts,Motion Blur,557lh76vcLy4EQWvZluA32,spotify:track:557lh76vcLy4EQWvZluA32,1,0.28365872756558397
Blood Moon,VAMPA,1FzYZB5bnr54r6kdpq1y6P,spotify:track:1FzYZB5bnr54r6kdpq1y6P,1,0.2879609716084429
Keep On Calling - Radio Edit,JNXD,6AhVOxZs8SzJXhR27iYrYd,spotify:track:6AhVOxZs8SzJXhR27iYrYd,1,0.2912377464866454
Great Escape,West Coast Massive,5fvniAXJaO2HTdl9jhZVfk,spotify:track:5fvniAXJaO2HTdl9jhZVfk,1,0.2988738453540173
Love Like Us (feat. RUNN),Last Heroes,4SaVW3E1VZIudaSNcRzLLT,spotify:track:4SaVW3E1VZIudaSNcRzLLT,1,0.30053604360391384
Creature,Black Tiger Sex Machine,77SxHKSrb8UvGwuP9ueh5u,spotify:track:77SxHKSrb8UvGwuP9ueh5u,1,0.302488103246907
Superhuman (Spag Heddy Remix) [feat. Eric Leva],SLANDER,6kTBx7hkmMEW1oI4XSbgV3,spotify:track:6kTBx7hkmMEW1oI4XSbgV3,1,0.3050472091595749
Falling Down,Wild Cards,0QyQawqfiFhgrQ2rD9U2fN,spotify:track:0QyQawqfiFhgrQ2rD9U2fN,1,0.30875505224070077
Trust,Voliik,0yAdbC63yXUY8bET63kQX9,spotify:track:0yAdbC63yXUY8bET63kQX9,1,0.3115817759809273
Higher Ground,ODESZA,7KT7VGnPU5QVXN3q1BOeqb,spotify:track:7KT7VGnPU5QVXN3q1BOeqb,1,0.31162826923029724
Navy Blue,Prblm Chld,1PP4touxbpQ0yNvST3b23A,spotify:track:1PP4touxbpQ0yNvST3b23A,1,0.3131545241168529
Yet To Come,Alexander Popov,0NUNs5uHGWtGnP3qJzUXhy,spotify:track:0NUNs5uHGWtGnP3qJzUXhy,1,0.31541183201144035
See The Light - Radio Edit,Noisecontrollers,1DujmwubfpKL1wUIZ3B5yl,spotify:track:1DujmwubfpKL1wUIZ3B5yl,1,0.3170208479671629
MakeDamnSure,Adventure Club,7kh8PFSxaQ74UfdCFlsVC3,spotify:track:7kh8PFSxaQ74UfdCFlsVC3,1,0.3177904056495171
Red Thread,shXdow.,6EjawNS588Rrm39sybcjy2,spotify:track:6EjawNS588Rrm39sybcjy2,1,0.3178701781764256
A Thousand Seas,MaRLo,7HnuIsjqdt0On6QZAPg8cO,spotify:track:7HnuIsjqdt0On6QZAPg8cO,1,0.32063084530327385
Accelerate (Official XXlerator Anthem 2014),Code Black,0M2QW9etM5qGkPvOZp1B1w,spotify:track:0M2QW9etM5qGkPvOZp1B1w,1,0.32300843650506517
Powermove (Mix Cut),Hardwell,1sdURkpCThezt9BQX5e1pc,spotify:track:1sdURkpCThezt9BQX5e1pc,1,0.32338187046238565
Chroma,Pixel Terror,0oJkB8jrA25MQdBq5z2pMK,spotify:track:0oJkB8jrA25MQdBq5z2pMK,1,0.32416295179894317
Fly,Miles Away,3Ogtvp8lDdQ0JS21UXXGR6,spotify:track:3Ogtvp8lDdQ0JS21UXXGR6,1,0.3267380304393567
Burn Tonight,JWAN,5iwboryDc8jVaacAtdxqmj,spotify:track:5iwboryDc8jVaacAtdxqmj,1,0.32896166671138666
Momentum - Radio Edit,Audiotricz,0kgyeKebL4tDxncpf2iClf,spotify:track:0kgyeKebL4tDxncpf2iClf,1,0.33661079119320525
High,The Chainsmokers,09AvsbivV1FQBRAEBJh7UL,spotify:track:09AvsbivV1FQBRAEBJh7UL,1,0.3379938519439463
Here Right Now,NURKO,3ZyUwrk5hHGNDQL2nxQu53,spotify:track:3ZyUwrk5hHGNDQL2nxQu53,1,0.3391576543211649
Time to Fly (Feerty Remix),Astra,3j4cepgjEnY5KnsLScsfW5,spotify:track:3j4cepgjEnY5KnsLScsfW5,1,0.3450690539130262
Rising Sun (feat. Chris Jones) - Original Mix,Manse,2m1XdfZY3OnA41OllCEl8a,spotify:track:2m1XdfZY3OnA41OllCEl8a,1,0.34527759741082165
Last Summer - Gammer Remix,Tokyo Machine,1ehoC9cuZGPhzUu4yPb9ur,spotify:track:1ehoC9cuZGPhzUu4yPb9ur,1,0.35019681803368485
Over the Edge (feat. AU8UST),Kayzo,5PfVzDU0u2ozK5si1gr0hq,spotify:track:5PfVzDU0u2ozK5si1gr0hq,1,0.3509653141843916
Boomerang,Hirshee,3MBihVhmRDoUnAwDjVi8pr,spotify:track:3MBihVhmRDoUnAwDjVi8pr,1,0.3512901433766213
Only One,MitiS,3ntSiBnfd8zCpOk53SYcUP,spotify:track:3ntSiBnfd8zCpOk53SYcUP,1,0.35158902261593855
All Together (with OEKIIN),ILLENIUM,1ucn3B55IQQcQ8PPHcFtDS,spotify:track:1ucn3B55IQQcQ8PPHcFtDS,1,0.35370452306011047
STAY (with Justin Bieber),The Kid LAROI,5HCyWlXZPP0y6Gqq8TgA20,spotify:track:5HCyWlXZPP0y6Gqq8TgA20,1,0.3543835992697765
Baggage (with AlunaGeorge) - Kaidro Remix,Gryffin,0OfzBT1D85AYE5QtzYn051,spotify:track:0OfzBT1D85AYE5QtzYn051,1,0.3580944823372976
Nevada,Vicetone,02shCNmb6IvgB5jLqKjtkK,spotify:track:02shCNmb6IvgB5jLqKjtkK,1,0.36387381571451793
Nevada (feat. Cozi Zuehlsdorff),Vicetone,5BIjJP1zlOa3iY65RSkXkr,spotify:track:5BIjJP1zlOa3iY65RSkXkr,1,0.36387381571451793
Remember,Dabin,5EwWFDHwehCMl5h1zJHAr2,spotify:track:5EwWFDHwehCMl5h1zJHAr2,1,0.3647614280894979
VOICE IN THE MACHINE,Blanke,4EMb7MsyJlH5Y3xxMrkCQS,spotify:track:4EMb7MsyJlH5Y3xxMrkCQS,1,0.3650967348361843
Filthy - tofû Remix,TELYKAST,1JxpHLeTydzS9ElmhyyBtT,spotify:track:1JxpHLeTydzS9ElmhyyBtT,1,0.36962817483359844
Fragile (feat. Melanie Fontana),ARMNHMR,1UqkLxHHcQixRPYesIkHXu,spotify:track:1UqkLxHHcQixRPYesIkHXu,1,0.3736785339262335
Love & War,Yellow Claw,5L7EcEdJAZ3TEpWEfsOMLD,spotify:track:5L7EcEdJAZ3TEpWEfsOMLD,1,0.37410277757826094
Bloom,Dabin,0lw9uF9EXHY06DtbTWa2l9,spotify:track:0lw9uF9EXHY06DtbTWa2l9,1,0.37550650325251894
Lockdown,PIKASONIC,4oSJ1kLpOJvgB0FDilIdfO,spotify:track:4oSJ1kLpOJvgB0FDilIdfO,1,0.3758437895436168
Otherside,Elephante,5z9fU5QP5z8jJXcP6OmU0w,spotify:track:5z9fU5QP5z8jJXcP6OmU0w,1,0.37588448215697196
Grapevine,Tiësto,6EXl6ZF6rXm6qCsKeizJ1b,spotify:track:6EXl6ZF6rXm6qCsKeizJ1b,1,0.3787911444977238
Rampart,Audien,458YQBBWYQMhvFf6Coho3a,spotify:track:458YQBBWYQMhvFf6Coho3a,1,0.3794611907938294
Never Fade,Kaidro,2NRepOWTw94g1Bxxcmcsci,spotify:track:2NRepOWTw94g1Bxxcmcsci,1,0.37997898143231673
The Mob,RIOT,2isWnrDmdteug2h2kIIGl0,spotify:track:2isWnrDmdteug2h2kIIGl0,1,0.38798579434464336
Try (feat. RØRY),MitiS,5jZxNBHyU7qpAQSCXuQq78,spotify:track:5jZxNBHyU7qpAQSCXuQq78,1,0.38807472914624014
Gold (Stupid Love),Excision,5ZzjNL4J31lqU853Un7T3f,spotify:track:5ZzjNL4J31lqU853Un7T3f,1,0.3913073803771695
medicine,Bring Me The Horizon,03CbQgFxnBFoaaVJTfEqMD,spotify:track:03CbQgFxnBFoaaVJTfEqMD,1,0.39256224035691606
Hooked,Why Don't We,2N2s2s2w0jmSIPNZcm8Jnr,spotify:track:2N2s2s2w0jmSIPNZcm8Jnr,1,0.3939162492380611
The Starlight - Edit,Galactixx,5QeoZtdxPk4VEP13wqfkgJ,spotify:track:5QeoZtdxPk4VEP13wqfkgJ,1,0.3959364650537309
Without You (feat. Linney),Kastra,1n1co3IQaEBLbouzf3BesL,spotify:track:1n1co3IQaEBLbouzf3BesL,1,0.3965297950657502
Million Days,SABAI,0DzPnTBSmVRKBQAmH3EomR,spotify:track:0DzPnTBSmVRKBQAmH3EomR,1,0.39733273846105793
Into My Heart,Rebourne,7rQFHtqvFcQ1VI2oZG6zxu,spotify:track:7rQFHtqvFcQ1VI2oZG6zxu,1,0.3974684582088814
Million Days,SABAI,1Nh0y8vbXPcJSJ0pcw91IC,spotify:track:1Nh0y8vbXPcJSJ0pcw91IC,1,0.39755555379984125
Imperium,Madeon,2Ldx9kUwqKt8GKaqPYGT6e,spotify:track:2Ldx9kUwqKt8GKaqPYGT6e,1,0.3979963594739576
In the Dark (Dubstep Mix),Axel Boy,1OIf2MpcaL9ct2AMdlCgkK,spotify:track:1OIf2MpcaL9ct2AMdlCgkK,1,0.39831428616318554
Don't Wanna Fall,Seven Lions,3SVZVenXJQuVNbFs8EatrC,spotify:track:3SVZVenXJQuVNbFs8EatrC,1,0.3991217111116218
Blink (feat. Aislinn Martin),Protohype,40xwcLlzLZy0KL0u49Jg0t,spotify:track:40xwcLlzLZy0KL0u49Jg0t,1,0.40094362347511253
On My Own,Far Out,73eIguwwgu2C7jBz89b7SX,spotify:track:73eIguwwgu2C7jBz89b7SX,1,0.40863707370297087
Apollo - Dr Phunk Remix,Hardwell,4tpLfd7JqOiQwCo5LB2Ul0,spotify:track:4tpLfd7JqOiQwCo5LB2Ul0,1,0.40944654969110345
Where'd U Go,ILLENIUM,2oL0HIuo0cxIycDtJWbpuN,spotify:track:2oL0HIuo0cxIycDtJWbpuN,1,0.4122899523304779
Far Away,Jalmaan,4xB50lQdNkyMLDmSZPQCIp,spotify:track:4xB50lQdNkyMLDmSZPQCIp,1,0.41369252270528967
Angels (feat. RUNN) - Bonus Track,Bear Grillz,3hITI3gU7VrlC3ye3DGFm9,spotify:track:3hITI3gU7VrlC3ye3DGFm9,1,0.4169051491404143
Dungeon,Terravita,5ho086WjZ1vgJjzSEH9PJu,spotify:track:5ho086WjZ1vgJjzSEH9PJu,1,0.4196000893038524
Obsidian Vortex,ATLiens,5zJkRl2lsuP1bD1djEodCZ,spotify:track:5zJkRl2lsuP1bD1djEodCZ,1,0.42212534362601567
Not Alone,YULA,36hc1fGaoxDWr2YjDm3Pjw,spotify:track:36hc1fGaoxDWr2YjDm3Pjw,1,0.424494978863296
Hold On To Me,Yonetro,2JGYZLRq0tyYCGSGa0Oq8a,spotify:track:2JGYZLRq0tyYCGSGa0Oq8a,1,0.42660496212462107
Wherever the Light Ends - Radio Edit,Adrenalize,1YZivVHix8Jxa5ceRwOqSn,spotify:track:1YZivVHix8Jxa5ceRwOqSn,1,0.4312227399327905
Just Us,Arlow,2D8lKiO96usrFdeExkZLmH,spotify:track:2D8lKiO96usrFdeExkZLmH,1,0.43315578517490144
I Want You (feat. Matthew John Kurz),Robotaki,1b3oogM5orKL8ZHrVGybRm,spotify:track:1b3oogM5orKL8ZHrVGybRm,1,0.43344605004840564
To the Wire,Krunk!,1HFdUlLuVSwzlUE8EAXEve,spotify:track:1HFdUlLuVSwzlUE8EAXEve,1,0.4347730510635943
Quiet Sound,Manse,6shtyuTlObW87S11El64eA,spotify:track:6shtyuTlObW87S11El64eA,1,0.43647190559526833
Artifacts,JayKode,3YxO6oY2wiTNGBquI950MU,spotify:track:3YxO6oY2wiTNGBquI950MU,1,0.43761342196253866
Migraine,Twenty One Pilots,4rfaoyaZvNa60cj3OKSQV9,spotify:track:4rfaoyaZvNa60cj3OKSQV9,1,0.4390073125167539
50 Years,Kazlo,1NffVzKZBqlHVqEEF1Oae1,spotify:track:1NffVzKZBqlHVqEEF1Oae1,1,0.44101150971020475
Surrender,Culture Code,6uWqUaSwMjdXstqYICzIOj,spotify:track:6uWqUaSwMjdXstqYICzIOj,1,0.44125642151721906
Walk Away,Ray Volpe,0ri4ig97AC5LKMrQrvPrR2,spotify:track:0ri4ig97AC5LKMrQrvPrR2,1,0.4435070410929434
Drop It Low,D-wayne,6c90pxvPMqfvgtPwmZ3JQT,spotify:track:6c90pxvPMqfvgtPwmZ3JQT,1,0.4470459248414066
Homesick (feat. SOUNDR),MitiS,1lypBFGiKyft1PVgNp358Y,spotify:track:1lypBFGiKyft1PVgNp358Y,1,0.4505988842494993
Hurt (Miles Away Remix),NERVO,7IsRoP0iwnsF1D9ZKYeCGZ,spotify:track:7IsRoP0iwnsF1D9ZKYeCGZ,1,0.4563462164216297
Imagine,Bass Modulators,0mWGz6hPTPuOK3SaETnqCo,spotify:track:0mWGz6hPTPuOK3SaETnqCo,1,0.4576893260728276
Love Like We're Dying,Chr1s,088fdzIqOvJKHvQyV8QbGR,spotify:track:088fdzIqOvJKHvQyV8QbGR,1,0.4578155578758858
Coming Home (ASOT 806) - Club Mix,Dash Berlin,6ByBYYFrCNVG3aJkBTzTOT,spotify:track:6ByBYYFrCNVG3aJkBTzTOT,1,0.4592181805306777
Berserk,Riggi & Piros,4qhYaTnDCd5jY6XHIJ76KY,spotify:track:4qhYaTnDCd5jY6XHIJ76KY,1,0.4595052770925838
Darkness (feat. Roxanne Emery),Luke Anders,128cYFv7ztH4EAAuHHZled,spotify:track:128cYFv7ztH4EAAuHHZled,1,0.459915046358834
1 On 1,Excision,3X5yGDzloO11zXx6ELmvgU,spotify:track:3X5yGDzloO11zXx6ELmvgU,1,0.460681856923212
Clockwork,BLVD.,63cplFds0rAzDTdv80pPZ1,spotify:track:63cplFds0rAzDTdv80pPZ1,1,0.46165774212336946
Ticking Clocks,Jnel,0pS88ATbKJ70cmywT4oZol,spotify:track:0pS88ATbKJ70cmywT4oZol,1,0.4645414857033109
We Won't Leave You - Wild Cards Remix,Steve Void,491VBkOr5bUECg4fwj7PC6,spotify:track:491VBkOr5bUECg4fwj7PC6,1,0.467109061701407
"Dear Maria, Count Me In",All Time Low,0JJP0IS4w0fJx01EcrfkDe,spotify:track:0JJP0IS4w0fJx01EcrfkDe,1,0.4683231492638282
Divinity,Porter Robinson,18cCBvygH6yEFDY0cYN3wT,spotify:track:18cCBvygH6yEFDY0cYN3wT,1,0.47088895059246194
Young,GAZZ,10fQ9XtxHGZi0mxNQfH94n,spotify:track:10fQ9XtxHGZi0mxNQfH94n,1,0.47161808763297286
Need Your Love (feat. Noah Kahan) - yetep Remix,Gryffin,7uzfSehPd1aK7h4rAXk5DN,spotify:track:7uzfSehPd1aK7h4rAXk5DN,1,0.473138082377009
Destruction,Joywave,2iLxXSM7AOzB4RCNzk4bjd,spotify:track:2iLxXSM7AOzB4RCNzk4bjd,1,0.4760551957488036
There for You - MVRSE Remix,TELYKAST,2bqtREqZvh87cHfmnKFh8r,spotify:track:2bqtREqZvh87cHfmnKFh8r,1,0.4765886252395682
A S T R A Y / R,1788-L,4yHoE8ZnPH0nvpLaJlFWMD,spotify:track:4yHoE8ZnPH0nvpLaJlFWMD,1,0.4785594157880218
Warriors of the Night,Datsik,5SVWUrkhwUkdSJXa6qdrDg,spotify:track:5SVWUrkhwUkdSJXa6qdrDg,1,0.4798937636538888
Overflow (feat. Helen Tess),smle,6qTpWr6mNtCWaCqohRyvJo,spotify:track:6qTpWr6mNtCWaCqohRyvJo,1,0.4818470912944688
Stay,FigureItOut,2EtvFOIF1moetcTryLeZBF,spotify:track:2EtvFOIF1moetcTryLeZBF,1,0.4834356984698117
This Is The New Shit,Marilyn Manson,7GM7CgaIvzAOEyP0iOlk8T,spotify:track:7GM7CgaIvzAOEyP0iOlk8T,1,0.48558555033791356
Riptide,Trivecta,5kvFBu6jDJMECOqmD7OwUx,spotify:track:5kvFBu6jDJMECOqmD7OwUx,1,0.4877492013219254
lift me from the ground,San Holo,7snnEDYwv30hRtmifVni8P,spotify:track:7snnEDYwv30hRtmifVni8P,1,0.49291014513448306
We Are Young,Parker,4uiwWLO8RzDMasPnQx59Iy,spotify:track:4uiwWLO8RzDMasPnQx59Iy,1,0.4930951964239165
Lmao Stompy,Hi I'm Ghost,17W1SAAk4fRYVkPDJSsYn4,spotify:track:17W1SAAk4fRYVkPDJSsYn4,1,0.4953725537438794
Sight Of Your Soul,Dirtyphonics,59OTmT50LsfZVqExj9nCHL,spotify:track:59OTmT50LsfZVqExj9nCHL,1,0.49967239369309274
More Than Words,Culture Code,6tWYy1rpi6MpQyeVuVngEW,spotify:track:6tWYy1rpi6MpQyeVuVngEW,1,0.5016556948574211
Don't Shoot - Hopsteady Remix,Showtek,3JPULJDkOW6oPqOS6ThEeq,spotify:track:3JPULJDkOW6oPqOS6ThEeq,1,0.5020943389143768
time keeps flying - Phzes Remix,Sammy Adams,7iuOvOWj7tK9pWiqAcoE6w,spotify:track:7iuOvOWj7tK9pWiqAcoE6w,1,0.5029439253390267
you were good to me - shallou remix,Jeremy Zucker,4yQluMXsIRql36ErBHux2f,spotify:track:4yQluMXsIRql36ErBHux2f,1,0.5034241515012097
The Worst Of You,Amidy,0kcizdRYSLSRSD4SHyRnrM,spotify:track:0kcizdRYSLSRSD4SHyRnrM,1,0.5083522464484155
Ready,Dabin,1LuG9m0p2OQ9dO97dYUzIM,spotify:track:1LuG9m0p2OQ9dO97dYUzIM,1,0.5120334978791463
Only One I Need,William Black,5tqjt07Jes01AokedrhRtQ,spotify:track:5tqjt07Jes01AokedrhRtQ,1,0.5148779640834767
You'll Be OK,Gareth Emery,1YXUD5D1ZRSaKZRZME4UB5,spotify:track:1YXUD5D1ZRSaKZRZME4UB5,1,0.515118817215131
Black Light - Hairitage Remix,Lisa Rowe,5oOLFIv9HQLHMcbwQgsvMb,spotify:track:5oOLFIv9HQLHMcbwQgsvMb,1,0.5228790513987026
Omen,Voliik,0gWWS8X3k5B0CwbS2W8r3p,spotify:track:0gWWS8X3k5B0CwbS2W8r3p,1,0.5314442943760653
Faith (ATLAST Remix),NURKO,7cXtz3ZX9ZPOaMs2ZGsLuu,spotify:track:7cXtz3ZX9ZPOaMs2ZGsLuu,1,0.5314479564009713
Rewind,Gazzo,6RPZhd9irco3mi3VIOqqct,spotify:track:6RPZhd9irco3mi3VIOqqct,1,0.5375661384819661
Tripped And Fell In Portland,Breathe Carolina,6tM9VNHCw17HHtGRIVtu23,spotify:track:6tM9VNHCw17HHtGRIVtu23,1,0.538064200515363
Where I Belong,NITTI,0ocu4p5AQbT2rLKuS6y8QP,spotify:track:0ocu4p5AQbT2rLKuS6y8QP,1,0.5421229389805255
RIOT,KOU,7lXJxpwloUEw4QgNb7gD6t,spotify:track:7lXJxpwloUEw4QgNb7gD6t,1,0.5477756861744889
Back To U - Matrix & Futurebound Remix,Matrix & Futurebound,588TIiNqDWazxZcxe2hRIE,spotify:track:588TIiNqDWazxZcxe2hRIE,1,0.5492168885418971
Before The Storm - SYN Remix,Kayzo,2cEbavkp8uQpkvFDVQ9ICH,spotify:track:2cEbavkp8uQpkvFDVQ9ICH,1,0.5521477382749644
Fall,Medii,2hnLPBk8Chlfam7qwnJ7Uo,spotify:track:2hnLPBk8Chlfam7qwnJ7Uo,1,0.5571273288924108
Paper Thin,ILLENIUM,7c2IApOeLTZfrB5dVScRUP,spotify:track:7c2IApOeLTZfrB5dVScRUP,1,0.5586147546231447
Lifesteal,Cherney,0LKzZc914gnWORt4uo3LkT,spotify:track:0LKzZc914gnWORt4uo3LkT,1,0.5597127448068828
Chin up (feat. Azuria Sky),Puppet,0lWUlQb5Vf5M4VsiIlQmmu,spotify:track:0lWUlQb5Vf5M4VsiIlQmmu,1,0.5639873914859035
Best For You,Lil Muk,35gufW50WoHlkh67uYA3bc,spotify:track:35gufW50WoHlkh67uYA3bc,1,0.5682014646147585
Wedding Dress,TAEYANG,3M0qHiwpoXUMffAS1CBB6M,spotify:track:3M0qHiwpoXUMffAS1CBB6M,1,0.5700296889884109
Pitchforks & Fire,Dr. Ozi,6TIJQMR0Rnzq7joAqE2eqe,spotify:track:6TIJQMR0Rnzq7joAqE2eqe,1,0.5728331156895391
Misery Business,Paramore,6SpLc7EXZIPpy0sVko0aoU,spotify:track:6SpLc7EXZIPpy0sVko0aoU,1,0.5735932054121159
You Can Be My Light (feat. Monika Santucci),Trivecta,1zSWY1IuSN1psRqug5DPTH,spotify:track:1zSWY1IuSN1psRqug5DPTH,1,0.5865355607765338
Million Miles,Mark Sixma,66jOXJrDytE0Ye3oUmvj7D,spotify:track:66jOXJrDytE0Ye3oUmvj7D,1,0.5942102722327045
Area 51 (feat. F3tch),PhaseOne,6ib3xB0koJD1gP8MUKxzXw,spotify:track:6ib3xB0koJD1gP8MUKxzXw,1,0.6001749598025001
Talk to Me,George Nozuka,0nYmnsXYj3Aqij9YSrMuBC,spotify:track:0nYmnsXYj3Aqij9YSrMuBC,1,0.6032945425065517
A Little Bit More,Judd,1ahfEZOnveCxupOMWd0cDJ,spotify:track:1ahfEZOnveCxupOMWd0cDJ,1,0.6041424408858128
Buck,Kompany,2LZkfbnLzUxyOyDluDlQ9v,spotify:track:2LZkfbnLzUxyOyDluDlQ9v,1,0.6053426859502955
Senpai (Original Mix),Boogie T,3aEF0tYUdQ73PaXEmMoD8X,spotify:track:3aEF0tYUdQ73PaXEmMoD8X,1,0.6060012255203151
Intoxicate Me,Unlike Pluto,7qpdIP5j2q3OBtSjD8zI2m,spotify:track:7qpdIP5j2q3OBtSjD8zI2m,1,0.628538111523727
GRILL KILL,Carbin,5nC14mHdOec6dvD0KgsWG7,spotify:track:5nC14mHdOec6dvD0KgsWG7,1,0.6365619335682959
In My Arms,ZANAVIA,1GSgGFbjYxIOPFZsZRnRyI,spotify:track:1GSgGFbjYxIOPFZsZRnRyI,1,0.6412285886320485
Haven't Said (2 Below Remix),Jinco,0WOIwxvTkG63RazaTL2O4L,spotify:track:0WOIwxvTkG63RazaTL2O4L,1,0.6498237800700142
Fix You,Coldplay,7LVHVU3tWfcxj5aiPFEW4Q,spotify:track:7LVHVU3tWfcxj5aiPFEW4Q,1,0.6554703064725166
The Fall,Static,2plrrgB2IsJl2I1iGacTuR,spotify:track:2plrrgB2IsJl2I1iGacTuR,1,0.6570712842807896
Gasoline,I Prevail,6Q1m1GyNxyOwZ2ud3p7XoS,spotify:track:6Q1m1GyNxyOwZ2ud3p7XoS,1,0.663955305559354
Hadal Ahbek,Issam Alnajjar,0ymn3NBfT1W2QW0d7U5kHS,spotify:track:0ymn3NBfT1W2QW0d7U5kHS,1,0.669261754882508
Bad Behavior (feat. T.Rabb),Datsik,3lmJq0owtVfHZug93YLil8,spotify:track:3lmJq0owtVfHZug93YLil8,1,0.6778022284604444
Noodle Neck,Spag Heddy,6rkpJTBjmVmBBB8uzr7CIa,spotify:track:6rkpJTBjmVmBBB8uzr7CIa,1,0.6801226878863912
Skinny Pigs,12th Planet,1ESpgp7uLDQHweqfWFF1K8,spotify:track:1ESpgp7uLDQHweqfWFF1K8,1,0.6920141632231749
The Stains of Time - Maniac Agenda Mix,Kit Walters,5LLhdR6qdQvAfSm2C0EYj4,spotify:track:5LLhdR6qdQvAfSm2C0EYj4,1,0.695237021133657
Run It Up - COASTR. Remix,Seeb,0tDBGzTR6OkTLvkkrhGXPf,spotify:track:0tDBGzTR6OkTLvkkrhGXPf,1,0.7087274437555429
Don't Go feat. Micah Martin,Lucille Croft,3sk7vT02v4Ya3gxsxUmbet,spotify:track:3sk7vT02v4Ya3gxsxUmbet,1,0.741563776686186
Surrender,Cheap Trick,2ccUQnjjNWT0rsNnsBpsCA,spotify:track:2ccUQnjjNWT0rsNnsBpsCA,1,0.8451134952583506
Disappointment (feat. Rxseboy),Sarcastic Sounds,4jU4Go8TPo3bkvRQSYbp8x,spotify:track:4jU4Go8TPo3bkvRQSYbp8x,1,0.9448185282160227
Takeaway (feat. Lennon Stella),The Chainsmokers,6wo37KVqFJhtuxPTpLCcfe,spotify:track:6wo37KVqFJhtuxPTpLCcfe,1,0.9499072151699439
Love Is Gone - Acoustic,SLANDER,7F1CiKqrY44kh5cDqwHOnx,spotify:track:7F1CiKqrY44kh5cDqwHOnx,2,0.34246549923815883
you broke me first,Tate McRae,45bE4HXI0AwGZXfZtMp8JR,spotify:track:45bE4HXI0AwGZXfZtMp8JR,2,0.36919561154051866
Where You Are Now,N3WPORT,4i7wCZbXG33JYPZNv7ZLJ9,spotify:track:4i7wCZbXG33JYPZNv7ZLJ9,2,0.462650922110281
Catch Me,Xan Griffin,3B74QfQSGXYQ2FCvRavc4V,spotify:track:3B74QfQSGXYQ2FCvRavc4V,2,0.46387852612413233
First Time (feat. Dylan Matthew) - Acoustic,Seven Lions,4s9Na0ywXodZXScgvXmJop,spotify:track:4s9Na0ywXodZXScgvXmJop,2,0.46511368387742824
Petals from a Rose,yetep,58GqU6yKrt3JqJMmNGT7ZZ,spotify:track:58GqU6yKrt3JqJMmNGT7ZZ,2,0.46908243233622116
Butterflies,Yomaez,69z6TsGzTgl5IIlxVhaCau,spotify:track:69z6TsGzTgl5IIlxVhaCau,2,0.4890595662068913
runaway,Vorsa,6joXEYaG3uPvYB7aiMo6yQ,spotify:track:6joXEYaG3uPvYB7aiMo6yQ,2,0.49958941498265
Love Ain't Changin - Acoustic,GhostDragon,2HmYtDTAtn9L3gtYFWTXI4,spotify:track:2HmYtDTAtn9L3gtYFWTXI4,2,0.4998033449079991
No Promises (feat. Demi Lovato) - Stripped Version,Cheat Codes,52iFqPveidhkYAcH5CnE9t,spotify:track:52iFqPveidhkYAcH5CnE9t,2,0.4999390569786209
Feels Right,Alina Baraz,2Un4sGOznAimdjxFaMPIrl,spotify:track:2Un4sGOznAimdjxFaMPIrl,2,0.5128808072027339
Breathe 2.0,Vincent,0wOvXrGbRLnPBgPWLBGtTE,spotify:track:0wOvXrGbRLnPBgPWLBGtTE,2,0.5138731756584143
Breathe Without,NURKO,3VHNuIXr0uRzVFsw6kNFPW,spotify:track:3VHNuIXr0uRzVFsw6kNFPW,2,0.5371801043828321
Potions,Day Wave,3Bqw48ecyeeOHvuU1jYy6C,spotify:track:3Bqw48ecyeeOHvuU1jYy6C,2,0.537852731654191
Give Me Love,Ed Sheeran,2U0n6b6sgtRHwvSTJuG2pH,spotify:track:2U0n6b6sgtRHwvSTJuG2pH,2,0.5414106552176237
After All,Charlotte Day Wilson,0vQc8V1CCXfBOL7Mz1Bh49,spotify:track:0vQc8V1CCXfBOL7Mz1Bh49,2,0.5547465915153508
She Reminds Me Of You - Original Mix,Michael Panasuk,7I5oEwb6txlXvqkKFB5jV1,spotify:track:7I5oEwb6txlXvqkKFB5jV1,2,0.5639377397468786
Can We Kiss Forever?,Kina,58wyJLv6yH1La9NIZPl3ne,spotify:track:58wyJLv6yH1La9NIZPl3ne,2,0.5691057145001158
DOWN IN FLORIDA,Munn,1OYVkZWvbcdhU0eITVKqjE,spotify:track:1OYVkZWvbcdhU0eITVKqjE,2,0.5691942041266939
Witness,Rosie Darling,1DsVpqnIPZCV1YKdMragRL,spotify:track:1DsVpqnIPZCV1YKdMragRL,2,0.5959784294802092
Deep Blue,William Black,5v51fJZB0MEfhdg4RBR7jK,spotify:track:5v51fJZB0MEfhdg4RBR7jK,2,0.59769186396715
Back To Me - Alternative Version,She Was Silver,5Nahs96uDgHMiUYnt1wiJ4,spotify:track:5Nahs96uDgHMiUYnt1wiJ4,2,0.6016299836976183
Million Days - Acoustic,SABAI,66aJuGQgXMVoyklTKdEgmL,spotify:track:66aJuGQgXMVoyklTKdEgmL,2,0.6065466776011585
Best Part Of Me,N3WPORT,7FHbd6fCVN1zdGey3IJaNx,spotify:track:7FHbd6fCVN1zdGey3IJaNx,2,0.6150814282112034
Good Day,iann dior,5pBQDRgfbV6lhuwlvWEftN,spotify:track:5pBQDRgfbV6lhuwlvWEftN,2,0.617070407691908
Revive (Acoustic Version),LIONE,1VaAnbmgTkBHcGEXaBU673,spotify:track:1VaAnbmgTkBHcGEXaBU673,2,0.621838881481073
Silence,Axollo,7uESPYfdmMUaZCRFhw7Em6,spotify:track:7uESPYfdmMUaZCRFhw7Em6,2,0.627273292667225
Happier,Ed Sheeran,2RttW7RAu5nOAfq6YFvApB,spotify:track:2RttW7RAu5nOAfq6YFvApB,2,0.6514967369721204
Closer,The Chainsmokers,7BKLCZ1jbUBVqRi2FVlTVw,spotify:track:7BKLCZ1jbUBVqRi2FVlTVw,2,0.6760671017555301
This Side of Me,Trey Parker,7pNSU1i0u2cSI2Eo4WKHdu,spotify:track:7pNSU1i0u2cSI2Eo4WKHdu,2,0.6920459786808224
Don't Walk Away (feat. Leorinda),Hatim,2yH6zZrzHkG0ghJkTlXg27,spotify:track:2yH6zZrzHkG0ghJkTlXg27,2,0.7224117317984301
Petals from a Rose (Piano Version),yetep,0h7WfUVeLf0ECC5AUfYvdl,spotify:track:0h7WfUVeLf0ECC5AUfYvdl,2,0.7607750769547793
Happy Where We Are - Kaidro Remix,Tritonal,7rlhWfCMCmUC8F0VJK90tM,spotify:track:7rlhWfCMCmUC8F0VJK90tM,2,0.7720163890134623
Lifetime,Sound Rush,6SFg405YMe2c4RQehzPwt0,spotify:track:6SFg405YMe2c4RQehzPwt0,3,0.3213897726307506
In The Air - Radio Edit,Dr Phunk,04f2A8R0JF1gq4urTJatrS,spotify:track:04f2A8R0JF1gq4urTJatrS,3,0.4419310171873414
One of Them,BLKBRST,0MEoEEF7jQcaUtcDK6Oq6d,spotify:track:0MEoEEF7jQcaUtcDK6Oq6d,3,0.4698644993769352
Scary Monsters and Nice Sprites,Skrillex,4rwpZEcnalkuhPyGkEdhu0,spotify:track:4rwpZEcnalkuhPyGkEdhu0,3,0.4901448517194666
This Is Eternity,Noisecontrollers,1ZzwvEblGtDuZJMqhpaKkK,spotify:track:1ZzwvEblGtDuZJMqhpaKkK,3,0.49841810324506114
Freefall (feat. Julie Hardy) - High Maintenance Remix,Dirtyphonics,4cQf5VkpbEd10700lRrHR2,spotify:track:4cQf5VkpbEd10700lRrHR2,3,0.526386504493573
Getta Fuk,Lethal,0lSCrRW1EgkmFstXcxBDrH,spotify:track:0lSCrRW1EgkmFstXcxBDrH,3,0.5282202004194078
Revival,Zomboy,4fnM7yUQVeLxG89IMCB5Xz,spotify:track:4fnM7yUQVeLxG89IMCB5Xz,3,0.531098509329835
Escape,Pegboard Nerds,1zqHf58PoRTAkAu2O30UPj,spotify:track:1zqHf58PoRTAkAu2O30UPj,3,0.5783868837065291
Solid,SLUMBERJACK,0oS4QNvqkCnD50vWTaKnm0,spotify:track:0oS4QNvqkCnD50vWTaKnm0,3,0.5886170493626264
Dance With Me - Radio Edit,Mekanikal,5Bk2VaA8DNZ365XD4QcFBu,spotify:track:5Bk2VaA8DNZ365XD4QcFBu,3,0.5982647843543671
End Of Our Lives,WHZLY,34uIqgwIgXlhodni98RZtz,spotify:track:34uIqgwIgXlhodni98RZtz,3,0.6073737004881887
Werewolf,The Brig,7bmocimc7Z5Mt2jLYpQ3RK,spotify:track:7bmocimc7Z5Mt2jLYpQ3RK,3,0.6350481172502629
Hush,OK. Kevin,1ufOR6tQORzoqAwgklDUXx,spotify:track:1ufOR6tQORzoqAwgklDUXx,3,0.6425016198016501
Crowd Control - Radio Edit,Dimitri Vegas & Like Mike,0kdVIAjTAkAFo7dYdciDU1,spotify:track:0kdVIAjTAkAFo7dYdciDU1,3,0.6488001670549138
Fight Through the Pain - Squnto Remix,Excision,2UZdgov32Ywqh7DnuQPkuQ,spotify:track:2UZdgov32Ywqh7DnuQPkuQ,3,0.6857455292387933
Dollars - Crankdat x Ray Volpe x Gammer Remix,Crankdat,78DXxHA3S8Y7yXbBx1pgAU,spotify:track:78DXxHA3S8Y7yXbBx1pgAU,3,0.6868850778481359
a.i.ngel (Become God),Virtual Self,6mEa6eIKJZ99536PCnJymz,spotify:track:6mEa6eIKJZ99536PCnJymz,3,0.6983175193586685
Overkill,RIOT,4XdaaDFE881SlIaz31pTAG,spotify:track:4XdaaDFE881SlIaz31pTAG,3,0.7047044137163396
Lift You Up - Blunts & Blondes Remix,Zeds Dead,6mY8kzp73RsHUdxFgwwEmE,spotify:track:6mY8kzp73RsHUdxFgwwEmE,3,0.7157226628438745
BO$$,Matroda,2ZWgRlA19co0Kv6Mw6767w,spotify:track:2ZWgRlA19co0Kv6Mw6767w,3,0.7301037732642545
Popsicle,Atrip,5seTSzoiw69qqd1VjhaJfm,spotify:track:5seTSzoiw69qqd1VjhaJfm,3,0.7342316200962835
TEN OF PENTACLES,LSDREAM,3BzuwHBQ1CziwFx997t2WY,spotify:track:3BzuwHBQ1CziwFx997t2WY,3,0.7428427565706756
A Moment Apart,ODESZA,59wlTaYOL5tDUgXnbBQ3my,spotify:track:59wlTaYOL5tDUgXnbBQ3my,3,0.7575653525617242
Renge,Nhato,59wCOFKHQdMo8y3ib8Tebz,spotify:track:59wCOFKHQdMo8y3ib8Tebz,3,0.767360931148578
Unstoppable,Teminite,5AMR65mT7G3kOMcvmN7b30,spotify:track:5AMR65mT7G3kOMcvmN7b30,3,0.7764945025872775
ELIZA-451 - ADE 2019,Ngyn,7h0gCTcxMz47CvSKxxAu9j,spotify:track:7h0gCTcxMz47CvSKxxAu9j,3,0.7768926565715464
Lord & Master,Apashe,1gUqIRzp8dJEhxIKc6Ogxj,spotify:track:1gUqIRzp8dJEhxIKc6Ogxj,3,0.798004154683671
Nobody,Dropgun,1Tl4Q5WV9abRb08vbt3C9c,spotify:track:1Tl4Q5WV9abRb08vbt3C9c,3,0.8238748965383768
Welcome to Mayhem,PhaseOne,0A5eua6Ev7Cu8L0jmTdbY1,spotify:track:0A5eua6Ev7Cu8L0jmTdbY1,3,0.8409596749783704
Nashi,Blanke,0hfZ5BkWZ1cWZo3fEvomJK,spotify:track:0hfZ5BkWZ1cWZo3fEvomJK,3,0.8505992913827932
Revolution - Radio Version,Playboyz,6IM5MhVsNZWAx8gCVJqDut,spotify:track:6IM5MhVsNZWAx8gCVJqDut,3,0.8655956094092242
g l a 8,B417,6NoLo2Ck3YmfnFqwwAVopX,spotify:track:6NoLo2Ck3YmfnFqwwAVopX,3,0.8859471372199313
Longer Trail - Original Mix,UMEK,2jNiaK33W3qxGFzrCsitf1,spotify:track:2jNiaK33W3qxGFzrCsitf1,3,0.9084598196888726
Exhale - Radio Version,Dr Rude,7JveDb3LEa2YyvtmbxcdvT,spotify:track:7JveDb3LEa2YyvtmbxcdvT,3,0.9500496232375792
Journey's End - Emotional Mix,SaphirSky,27aKF1JWVylvbez8o4jxRn,spotify:track:27aKF1JWVylvbez8o4jxRn,3,0.9641654003845375
Children - RMFB Edit,Keanu Silva,5qhkgdGcaBTqeHjsMDW7eo,spotify:track:5qhkgdGcaBTqeHjsMDW7eo,3,1.0111049914713686
The Navigator - Slowed Version,Echo-Eclipse,7gjgdMt8037wwWY8QLiqF8,spotify:track:7gjgdMt8037wwWY8QLiqF8,3,1.0164748399476924
SPARK,LAYZ,73dPS5EDSbo40IdutOvhJ6,spotify:track:73dPS5EDSbo40IdutOvhJ6,3,1.026467254493891
What A Rave,Quazarty,4qmYDzjPQjFtMRLUZidC89,spotify:track:4qmYDzjPQjFtMRLUZidC89,3,1.0441748477793278
Rage Your Dream,Hiro,5FqxB3MNFV7bAj9YHtGz1W,spotify:track:5FqxB3MNFV7bAj9YHtGz1W,3,1.1906038386673372
Remeant,Josh & Wesz,5x8pjWzVEFDE3z72V4mBPL,spotify:track:5x8pjWzVEFDE3z72V4mBPL,4,0.2390175095128674
Take Me Away,Wasted Penguinz,2A5eKpJ2tgfFQzzjrC8S8k,spotify:track:2A5eKpJ2tgfFQzzjrC8S8k,4,0.2570547545001558
Back to Life,Taylor Kade,7rUvKumIBCewj0QCYSC91o,spotify:track:7rUvKumIBCewj0QCYSC91o,4,0.2628712407792176
Tomorrow,Da Tweekaz,46HFK0ZqX2aByyV7pkSQI6,spotify:track:46HFK0ZqX2aByyV7pkSQI6,4,0.28269393296315437
Univerze - Radio Edit,Rebourne,6uI17IlHzlDIxeK1A3gYJI,spotify:track:6uI17IlHzlDIxeK1A3gYJI,4,0.2880972943165877
Extraordinary (feat. Elizaveta),Pegboard Nerds,5CZbDYeV9LCZj4zcTWfapv,spotify:track:5CZbDYeV9LCZj4zcTWfapv,4,0.29246934241412714
Boomerang,Brooks,6Gw2dHX6FsQcIuiWxe0vWk,spotify:track:6Gw2dHX6FsQcIuiWxe0vWk,4,0.2939085139052529
Home - Spag Heddy Remix,Excision,3BMOQEQ06HLKWTAFOhiJf9,spotify:track:3BMOQEQ06HLKWTAFOhiJf9,4,0.3027238453492161
Tell Me,Feather,3YDUgJen9dlLZenJNAkce5,spotify:track:3YDUgJen9dlLZenJNAkce5,4,0.31078216430398653
Mellow,Showtek,4OmA7EyeuoClL4dvOSoymU,spotify:track:4OmA7EyeuoClL4dvOSoymU,4,0.3129981786985513
Quicksand,Feenixpawl,0jV2HSzU144aRkPJ198PpC,spotify:track:0jV2HSzU144aRkPJ198PpC,4,0.3145905702622263
Something Out Of Nothing - NESZLO Remix,GhostDragon,5Vvie8eL8shRTRQURMruOO,spotify:track:5Vvie8eL8shRTRQURMruOO,4,0.3162344899614392
Faye - Radio Edit,Coone,3ZlqX7MNeuFX6hBJ1k9xnR,spotify:track:3ZlqX7MNeuFX6hBJ1k9xnR,4,0.32522946611846243
Faye,Coone,0F4tIBbH1J6KE2LIaFirq8,spotify:track:0F4tIBbH1J6KE2LIaFirq8,4,0.3252387725239815
Omen In The Rain - Seven Lions Remix,Myon,6hX9jATESvv2cdXQMRU4m8,spotify:track:6hX9jATESvv2cdXQMRU4m8,4,0.3304729121774892
All Or Nothing,Atmozfears,2ybm6gECxGAXmmsoNUtgLc,spotify:track:2ybm6gECxGAXmmsoNUtgLc,4,0.33138905090168846
Our World,Ray Volpe,0BRrz9eroA99HG4tMSgPRe,spotify:track:0BRrz9eroA99HG4tMSgPRe,4,0.33150723376286045
Better Off Alone,Grant,3LoyPU4kSmEw1T9pwCT9BV,spotify:track:3LoyPU4kSmEw1T9pwCT9BV,4,0.3333768117984961
Middle of Love,shYbeast,0KRuTA3rxF18WbyKiC74Ai,spotify:track:0KRuTA3rxF18WbyKiC74Ai,4,0.33557237127486816
Feel Good (feat. Daya) - Brooks Remix,Gryffin,1GPRHgVXzRfzoc44HEZZQI,spotify:track:1GPRHgVXzRfzoc44HEZZQI,4,0.3371400523311266
Be Here Now,Brennan Heart,5Yldt1EiD9XTfZPMLfIW86,spotify:track:5Yldt1EiD9XTfZPMLfIW86,4,0.3464641058682889
Being Home Is Our Secret,WildVibes,5LV8He1Xz07ynOUZAZwHoN,spotify:track:5LV8He1Xz07ynOUZAZwHoN,4,0.34894357945287674
You're The One (feat. Matthew Steeper),Vorwerk,3sThOUDdKfCkhgW0i0E9VK,spotify:track:3sThOUDdKfCkhgW0i0E9VK,4,0.3594866274335489
Full of Life,Fairlane,5D8ScMaLVBVNqsSDAUjHeT,spotify:track:5D8ScMaLVBVNqsSDAUjHeT,4,0.36011089832182525
Lonely Nights,ARMNHMR,1iP1yyEZFEm6207fRKb2Bv,spotify:track:1iP1yyEZFEm6207fRKb2Bv,4,0.3613036299587099
Show Your Face,Ryan Browne,38qLgi2cC0qpaqCEdEvmnR,spotify:track:38qLgi2cC0qpaqCEdEvmnR,4,0.36173636299494494
Shanghai,Omnia,33Nfanm68TPfTkuA8jCMVs,spotify:track:33Nfanm68TPfTkuA8jCMVs,4,0.3630295717209131
Feel Your Love,Flux Pavilion,0YzwCpQVGtg4P2oFAC95bm,spotify:track:0YzwCpQVGtg4P2oFAC95bm,4,0.3639246510653502
I'll Be There,Andrew Rayel,4OPJYIu3wC2GftlxQa5nBV,spotify:track:4OPJYIu3wC2GftlxQa5nBV,4,0.364139606235738
KODI,Sick Individuals,3WrYeC5hm2tFRWnndmzZfN,spotify:track:3WrYeC5hm2tFRWnndmzZfN,4,0.36667363950707554
Raindrops (feat. Jessica Chertock),VINAI,0mBmEZlBoEU7ofwOSYVPcj,spotify:track:0mBmEZlBoEU7ofwOSYVPcj,4,0.3671934511318723
Kneel Before Me,SLANDER,0qwMoAstkTXlWE8lQJBRzY,spotify:track:0qwMoAstkTXlWE8lQJBRzY,4,0.36748403427439486
Talk to Me,Kraysh,14LQikoZlT6J529n1WRcPX,spotify:track:14LQikoZlT6J529n1WRcPX,4,0.3685158724094521
Lights Go Down - Peekaboo Remix,Zeds Dead,0RJgmCUXLIDQ2kMMAD5cGs,spotify:track:0RJgmCUXLIDQ2kMMAD5cGs,4,0.37228012313402753
Night Of Our Lives,Kaidro,75rNHU2tVffyUHH0QcavSv,spotify:track:75rNHU2tVffyUHH0QcavSv,4,0.3724861445787201
Fragile Violence,Blanke,4mNywaZkAsrl85S25Xfo8V,spotify:track:4mNywaZkAsrl85S25Xfo8V,4,0.3743222804245417
BZZRK,AFK,4L6i1rxmxVKwEPYpQl5jZN,spotify:track:4L6i1rxmxVKwEPYpQl5jZN,4,0.37474938039814176
Drop Bombs,Stonebank,23waejgtiOrlz2t0xO7Zsd,spotify:track:23waejgtiOrlz2t0xO7Zsd,4,0.3819466098844509
Fake,HIGHSOCIETY,1bUebZUnMvWiLWOeGmgeSM,spotify:track:1bUebZUnMvWiLWOeGmgeSM,4,0.3871085292037535
Jump Ya Body - Dub Mix,Kill The Noise,3k3DZvTCSD4HKvj26dQDk8,spotify:track:3k3DZvTCSD4HKvj26dQDk8,4,0.392758298255226
Lost (feat. Chelsea Jade) [WHZLY Remix],Jai Wolf,5aG94Uw75PgtlgX1RvVyPU,spotify:track:5aG94Uw75PgtlgX1RvVyPU,4,0.39383677242022036
What Do U Want (feat. Sara Skinner),yetep,24Orhdq9KrCd0B3aM0PRCj,spotify:track:24Orhdq9KrCd0B3aM0PRCj,4,0.3968775505510066
Dying Day,William Black,4Hl8ic3yZFBcZXaWLfzRO0,spotify:track:4Hl8ic3yZFBcZXaWLfzRO0,4,0.3978427038371004
One Day,Martin Jensen,1MDEvpaFk2Ins7N8hGfFlA,spotify:track:1MDEvpaFk2Ins7N8hGfFlA,4,0.39856871586655845
Make Me Yours,Borgeous,3G2O60rq5a77GEIwK1mVmh,spotify:track:3G2O60rq5a77GEIwK1mVmh,4,0.39873863982070684
Sad Story,WE ARE FURY,2VTtxoSgxXQS7NPKSpDzIC,spotify:track:2VTtxoSgxXQS7NPKSpDzIC,4,0.39984411236843914
Drown (feat. Au/Ra) - TELYKast Remix,Ekali,4ykbXSPhadCNicPQJSCYJp,spotify:track:4ykbXSPhadCNicPQJSCYJp,4,0.3999564584427816
The Diary of Jane - Single Version,Breaking Benjamin,0faXHILILebCGnJBPU6KJJ,spotify:track:0faXHILILebCGnJBPU6KJJ,4,0.40078744129577987
Just to Find You,Seven Tang,4iTFam3TGlNRko6jJDXoNO,spotify:track:4iTFam3TGlNRko6jJDXoNO,4,0.4021305782972228
Zen - Edit,Euphorizer,0m3YdzBYTNGhXJ1UNcUtTX,spotify:track:0m3YdzBYTNGhXJ1UNcUtTX,4,0.4048186948134952
Lights,Sephyx,4jmpLry5HX1NuxXlPKhHg3,spotify:track:4jmpLry5HX1NuxXlPKhHg3,4,0.4050783413988781
Secrets - Radio Edit,Tiësto,69zxj1EFDfAouZu9JDmQld,spotify:track:69zxj1EFDfAouZu9JDmQld,4,0.4051773537279947
Rave After Rave - Radio Edit,W&W,0ghgc2YVYmvFsYmvsE8cxP,spotify:track:0ghgc2YVYmvFsYmvsE8cxP,4,0.40609500518345243
Emotional - MUST DIE! Remix,Flux Pavilion,3JcqQUjOAx8A5e9gqTITF9,spotify:track:3JcqQUjOAx8A5e9gqTITF9,4,0.40672514281214034
My House,Sikdope,2mwZWW3lXEIHtXRUiaSaFv,spotify:track:2mwZWW3lXEIHtXRUiaSaFv,4,0.4073118479354816
Dynasty,Elephante,3bUApnYMVCEs2Ds9FsXGs5,spotify:track:3bUApnYMVCEs2Ds9FsXGs5,4,0.41393301205360145
Enemy,INF1N1TE,4Xu89P5vOsGWR8dOe0v8qR,spotify:track:4Xu89P5vOsGWR8dOe0v8qR,4,0.4163506240441812
Nightlight,ILLENIUM,06kxa3al7bUqRRo5nAFduZ,spotify:track:06kxa3al7bUqRRo5nAFduZ,4,0.4177290043433154
I Miss You - Radio Version,Wasted Penguinz,3jQOj4GAkgymTy7BArGInR,spotify:track:3jQOj4GAkgymTy7BArGInR,4,0.4208735357967061
Take Me High - Kutski & Gammer Remix,Omegatypez,3G8yBpcVJdjFGembkx5o5T,spotify:track:3G8yBpcVJdjFGembkx5o5T,4,0.4211365504391865
Tokyo,Jinco,5FHveakYOcExQSHLr4oerC,spotify:track:5FHveakYOcExQSHLr4oerC,4,0.42313525438289595
Accelerate - Darren Styles Edit,Code Black,6MGOau5CXctSPAvq6vbga3,spotify:track:6MGOau5CXctSPAvq6vbga3,4,0.42480024007968825
Here I Come,Coone,019j8UOaqlO7DAIGwG8QnH,spotify:track:019j8UOaqlO7DAIGwG8QnH,4,0.4261972771777676
Wait For You,Medii,7i3brdIvyE8uuX8emRRgyK,spotify:track:7i3brdIvyE8uuX8emRRgyK,4,0.42795407722855383
Talk to Me - Mat Zo Remix,Kraysh,1dykhAOyh8KKtT8pRBWghS,spotify:track:1dykhAOyh8KKtT8pRBWghS,4,0.4296480429705933
Play,K-391,4jp4Z02kzzg8gK0NmDGgml,spotify:track:4jp4Z02kzzg8gK0NmDGgml,4,0.4332193349077234
Need You,Lost Sky,5STieahH7NJnbrZ41SFKQ8,spotify:track:5STieahH7NJnbrZ41SFKQ8,4,0.43403724915164305
Walk Away,Antano,3Bkwb7f7GPwQNbbYMZZbz3,spotify:track:3Bkwb7f7GPwQNbbYMZZbz3,4,0.4361244701384619
Forever Young (feat. Melanie Fontana) - WildVibes Remix,ARMNHMR,46zVk6moD9iOQSjngjchlc,spotify:track:46zVk6moD9iOQSjngjchlc,4,0.43620481040184184
Gave U My Love,D-Block & S-te-Fan,3SDyS0JhNCxgjS4w6S0MJz,spotify:track:3SDyS0JhNCxgjS4w6S0MJz,4,0.43845726918101424
The Goop,Boogie T,2e2xDVWThrcsdihYyFi6uQ,spotify:track:2e2xDVWThrcsdihYyFi6uQ,4,0.43859740268668795
Make Me Move,Culture Code,4DHRbvvQyC3mBa3Y0JNl4n,spotify:track:4DHRbvvQyC3mBa3Y0JNl4n,4,0.43892559780376045
Happiness - Radio Edit,Ezenia,1HP5j5RCHNaR8n69hXIr50,spotify:track:1HP5j5RCHNaR8n69hXIr50,4,0.4407560505490305
My Strength is Hardstyle,Zatox,0lVQx7FZwo0IPBgNg4BlW6,spotify:track:0lVQx7FZwo0IPBgNg4BlW6,4,0.44478081547730786
Lullabies - Adventure Club Remix,Yuna,4IHw78kMkp2ywhgCXxu2LC,spotify:track:4IHw78kMkp2ywhgCXxu2LC,4,0.44563061029086404
Ignite,Alan Walker,1jLsirPDkUS2g4gnkYua58,spotify:track:1jLsirPDkUS2g4gnkYua58,4,0.44818152064700556
Addicted,MVRE,1ZVfwSDN2PKVaUARmSuHgJ,spotify:track:1ZVfwSDN2PKVaUARmSuHgJ,4,0.44827068357359307
The Motto,Tiësto,18asYwWugKjjsihZ0YvRxO,spotify:track:18asYwWugKjjsihZ0YvRxO,4,0.4485830895644822
This Is The End,Gammer,4xSFbc4P9gsgbiuRTylMjq,spotify:track:4xSFbc4P9gsgbiuRTylMjq,4,0.4516699018367946
Sometimes,KDrew,6YQKDQPqKDDAHm9v0O2GgI,spotify:track:6YQKDQPqKDDAHm9v0O2GgI,4,0.4524652300351069
Okay Alone,Sineself,0ZQQU06DOQTaaBoPT2x6Gw,spotify:track:0ZQQU06DOQTaaBoPT2x6Gw,4,0.45794195003098226
Devil's At Your Door,SWARM,2dD4peQoDBVZE6kx5DjaNN,spotify:track:2dD4peQoDBVZE6kx5DjaNN,4,0.4598464748328559
Piece Of Your Heart - Alok Remix,MEDUZA,6iW38RGqdDGOofmz2HeXLW,spotify:track:6iW38RGqdDGOofmz2HeXLW,4,0.4658398837324449
Don't Give up on Me,ILLENIUM,0wO6oeF9kMp1FuIUe1AGWZ,spotify:track:0wO6oeF9kMp1FuIUe1AGWZ,4,0.466611595426287
Every Time (feat. So Below),Seven Lions,3a4TQLZxDovXEdZGN8McsR,spotify:track:3a4TQLZxDovXEdZGN8McsR,4,0.46762237131968426
Room,AXEN,4C41fqVKtJX3DHR4ntbXTX,spotify:track:4C41fqVKtJX3DHR4ntbXTX,4,0.4773121190050013
Hardstyle DNA (Original),Refuzion,2MWsiLytISpIWvov7F9xZc,spotify:track:2MWsiLytISpIWvov7F9xZc,4,0.48002597039950307
ANGEL VOICES,Virtual Self,69urju2iS7zKGTxNVLYt5D,spotify:track:69urju2iS7zKGTxNVLYt5D,4,0.48037704497088746
Phone Down (feat. Emily Warren) - Dodge & Fuski Remix,Lost Kings,5oHS40MJ71snr3mjZUh6wI,spotify:track:5oHS40MJ71snr3mjZUh6wI,4,0.48093902926809895
h8 u right now,Syence,3FPVguQo4fLeBVPLRZYwNE,spotify:track:3FPVguQo4fLeBVPLRZYwNE,4,0.4953674121260991
Messy,Conquer Divide,6StYvRLBf8wZPng4WO6buh,spotify:track:6StYvRLBf8wZPng4WO6buh,4,0.49844170946684757
July - FRND Remix,Breathe Carolina,75rN7EsGlnMJiu9DKFVWnX,spotify:track:75rN7EsGlnMJiu9DKFVWnX,4,0.5026930064535113
Sphinx,Jakik,0yD3EzREMTQspwMJFuOzr1,spotify:track:0yD3EzREMTQspwMJFuOzr1,4,0.5042730829179068
Me + You,SABAI,67Ofuh3wMLQoSNzqePT5xE,spotify:track:67Ofuh3wMLQoSNzqePT5xE,4,0.5064564559970753
Girls,AREA21,3yowm56ant5XMV1X6o71DK,spotify:track:3yowm56ant5XMV1X6o71DK,4,0.5066164940247733
Body Drop,Ray Volpe,2J5ajRiDa7pXNZVQ9kJTVi,spotify:track:2J5ajRiDa7pXNZVQ9kJTVi,4,0.5094608030962721
Supernatural (feat. Anjulie),Boombox Cartel,1axYKkAUrZbB1axBahVM2J,spotify:track:1axYKkAUrZbB1axBahVM2J,4,0.512569340169761
Breathe - Last Heroes & Crystal Skies Remix,Last Heroes,2Oy0XHjvnZrfZwyobCyEMm,spotify:track:2Oy0XHjvnZrfZwyobCyEMm,4,0.5126865834941807
Wait Another Day,Mike Williams,7qZOnik9K8Mv987ccBjwwj,spotify:track:7qZOnik9K8Mv987ccBjwwj,4,0.5152042197209951
All My Friends,Madeon,3ArdPRbscsYB2uI70AzpuG,spotify:track:3ArdPRbscsYB2uI70AzpuG,4,0.5254194773497497
Know Your Worth,Khalid,0TrPqhAMoaKUFLR7iYDokf,spotify:track:0TrPqhAMoaKUFLR7iYDokf,4,0.5302217090097548
The Greatest Show - Bonus Track,Pentatonix,4Kl5sunRnyKHWdhnbEDb9k,spotify:track:4Kl5sunRnyKHWdhnbEDb9k,4,0.5335076645585819
EON BREAK,Virtual Self,2aGn7X6ixuE9P3zaykgoWM,spotify:track:2aGn7X6ixuE9P3zaykgoWM,4,0.5377603055417431
Get FCKD,BLKBRST,3JragFlA3QQsnk57l8Mz3Q,spotify:track:3JragFlA3QQsnk57l8Mz3Q,4,0.539277112481988
Strangers,Kazlo,37BLuetTPbJ6ub0l4kXt6F,spotify:track:37BLuetTPbJ6ub0l4kXt6F,4,0.5415851760993934
I Could Be The One (Avicii Vs. Nicky Romero) - Radio Edit,Avicii,591nHHHzZl1NLt9PMKpinM,spotify:track:591nHHHzZl1NLt9PMKpinM,4,0.5435300489125295
What You Promised,Fairlane,4fxeVw0mf5eHVvunUtcVZG,spotify:track:4fxeVw0mf5eHVvunUtcVZG,4,0.5455117350529478
Fade Away - Soul Version,YULA,3NuEV6MScx3VbOIpMnWZSC,spotify:track:3NuEV6MScx3VbOIpMnWZSC,4,0.554503104887961
Life & Death,Rezz,4bmvfx88H75CcEE0mKXD3q,spotify:track:4bmvfx88H75CcEE0mKXD3q,4,0.5582517133715196
Blue Skies - Revoke Remix,Lenka,1MKfplOg9xC8EIzL9nMBWi,spotify:track:1MKfplOg9xC8EIzL9nMBWi,4,0.5585833673313743
The Beach,Max Leone,2OKNKNYfp38QrQmigSbqFk,spotify:track:2OKNKNYfp38QrQmigSbqFk,4,0.5601367167117687
Naked Soul (feat. Liel Kolet),Last Heroes,1nr8hvltmi2A8ZxGiO1dvA,spotify:track:1nr8hvltmi2A8ZxGiO1dvA,4,0.562254665059391
Mistakes,Apriskah,5CttLjBuQvT1HEa5rFpI20,spotify:track:5CttLjBuQvT1HEa5rFpI20,4,0.5623168294875115
Be There One More Time,Taska Black,6ICp0LJ8UYg4QHfr4a4Vhk,spotify:track:6ICp0LJ8UYg4QHfr4a4Vhk,4,0.5744684807643451
Coming Home - Radio Edit,Brennan Heart,2IDaLhCYOw1liAl8SiPZGa,spotify:track:2IDaLhCYOw1liAl8SiPZGa,4,0.5801104853787725
Gnarly (feat. Lil Pump),Kodak Black,40Rpg3LkZwwzuHJ3GdjMma,spotify:track:40Rpg3LkZwwzuHJ3GdjMma,4,0.5981821887516574
The City,Madeon,36HA2woC1glnLa4vqWY3IC,spotify:track:36HA2woC1glnLa4vqWY3IC,4,0.6019934471559734
Particle Arts,Virtual Self,5U6FLERTCtCgLUXU4XsIf5,spotify:track:5U6FLERTCtCgLUXU4XsIf5,4,0.6021605580383542
Behemoth,SVDDEN DEATH,4o7Rszx7VVCzrCr1RPlPot,spotify:track:4o7Rszx7VVCzrCr1RPlPot,4,0.6083776035176369
Behemoth,SVDDEN DEATH,5VLpL2ZxEBgYcoLr6hK17l,spotify:track:5VLpL2ZxEBgYcoLr6hK17l,4,0.6083776035176369
Lifeless,Sullivan King,2WjoIXG6yqXnA220bmA6m2,spotify:track:2WjoIXG6yqXnA220bmA6m2,4,0.6140476884792645
Without You,Ray Volpe,20A4fWag3marZZ7KNGOiOo,spotify:track:20A4fWag3marZZ7KNGOiOo,4,0.6197022565602994
I Want You,Chris Lake,7IM73yy9leN8ftZsOVmVTO,spotify:track:7IM73yy9leN8ftZsOVmVTO,4,0.6212793854422279
Technicolor Lies,Subfer,38Ji8SRZX28llgx3BoxDYg,spotify:track:38Ji8SRZX28llgx3BoxDYg,4,0.6277809343174142
Language,Porter Robinson,4ta97KyyCWLCQAAFtOWFpy,spotify:track:4ta97KyyCWLCQAAFtOWFpy,4,0.6292411793705859
Song for You,Unknown Brain,3WoMoIJxgMWHBjSSMiU0rf,spotify:track:3WoMoIJxgMWHBjSSMiU0rf,4,0.6303637674041249
Get With The Program - Eptic & Trampa Remix,Zomboy,2fm0inRUDbId46Go7RgAhu,spotify:track:2fm0inRUDbId46Go7RgAhu,4,0.6335814915520056
Taco Bae,PAZ,7AcKIf5gdCkmIRQx42McOy,spotify:track:7AcKIf5gdCkmIRQx42McOy,4,0.6415542456111868
I Have Questions,Camila Cabello,3NgCzSW98SsqBdpYcnm4kv,spotify:track:3NgCzSW98SsqBdpYcnm4kv,4,0.6452734738046378
Leave It All,ARMNHMR,6XhWA91QHfccYvexGtuI0D,spotify:track:6XhWA91QHfccYvexGtuI0D,4,0.6477774560626293
Stay (feat. Holly),Delta Heavy,21JvBMXPGJ6rpvHacAFWUO,spotify:track:21JvBMXPGJ6rpvHacAFWUO,4,0.6534123610301774
Spellbook,KANAAN,3PoqXVIEx4KC2hybKlcrnh,spotify:track:3PoqXVIEx4KC2hybKlcrnh,4,0.6622395527617588
Senseless (feat. Tyler Graves) - Nurko Remix,Seven Lions,4R8fQKIYxapC6BLgDQNuxp,spotify:track:4R8fQKIYxapC6BLgDQNuxp,4,0.6644995137444795
Hit The Floor,Draeden,2FHa5rOKOAhuKa0p7XfLTo,spotify:track:2FHa5rOKOAhuKa0p7XfLTo,4,0.6823897180198837
Enemy (with JID) - from the series Arcane League of Legends,Imagine Dragons,1r9xUipOqoNwggBpENDsvJ,spotify:track:1r9xUipOqoNwggBpENDsvJ,4,0.708171091655571
Delirious (Boneless) (feat. Kid Ink),Steve Aoki,7sR0j3bGUnugz07ZDtqLU7,spotify:track:7sR0j3bGUnugz07ZDtqLU7,4,0.7202094418089412
First Storm,JVNA,4vTdoaS7C2UwGU7ClwfveP,spotify:track:4vTdoaS7C2UwGU7ClwfveP,4,0.7481897049839168
Never Gonna Stop (feat. Aviella),Aash Mehta,1Y8jrddTuoAQ3QZzDTaoFC,spotify:track:1Y8jrddTuoAQ3QZzDTaoFC,4,0.7782768962376354
Rover 2.0 (feat. 21 Savage),BlocBoy JB,7sB2rmolvEt77KFPCraSNc,spotify:track:7sB2rmolvEt77KFPCraSNc,4,0.8097401829765443
The New Generation,Envine,7zEysFiYikiGzAJsDEYrKQ,spotify:track:7zEysFiYikiGzAJsDEYrKQ,4,0.819211394977061
Solitude,TheFatRat,7H7RtxRYHIwfhOy8vLxpAw,spotify:track:7H7RtxRYHIwfhOy8vLxpAw,4,0.8505796991162494
Components Of Matter - Radio Edit,Devin Wild,2TOUCQgk7xMHyKBPxK28kn,spotify:track:2TOUCQgk7xMHyKBPxK28kn,4,0.8999013434071955
What It's All About,Orjan Nilsen,7sbctCJj1BdzoOD5Xk2RPZ,spotify:track:7sbctCJj1BdzoOD5Xk2RPZ,5,0.15974267119836427
Chameleon,Mako,0eWOYqgysbSfsiCKl02xVN,spotify:track:0eWOYqgysbSfsiCKl02xVN,5,0.19440555543059296
Miles of Mind,Shadient,6hHSBAyG8Btyejq0GOrTab,spotify:track:6hHSBAyG8Btyejq0GOrTab,5,0.2102217844426343
La Lune (feat. Dan Smith),Madeon,1UCDE2UIE5cC6B1o0nsrSv,spotify:track:1UCDE2UIE5cC6B1o0nsrSv,5,0.22839102957630347
Aftershock (feat. Jacquie),Cash Cash,1s82u8aaERDyKAyt2vyhQr,spotify:track:1s82u8aaERDyKAyt2vyhQr,5,0.23244655644511522
Gold (Stupid Love) - Black Tiger Sex Machine Remix,Excision,2olPK9Mi653w7Zt9tb1HFW,spotify:track:2olPK9Mi653w7Zt9tb1HFW,5,0.23548473717471724
Messiah (Alison Wonderland x M-Phazes),Alison Wonderland,21X115cKbCkLUH78vlOFYv,spotify:track:21X115cKbCkLUH78vlOFYv,5,0.24173546111619484
Ocean Eyes (Man Cub Edit),SVRCINA,6pUoWBPV742fn9Ig88skTL,spotify:track:6pUoWBPV742fn9Ig88skTL,5,0.25736790093249917
Someone To Love You - Morgan Page Remix,Tritonal,6jsmT1lO7ibXyvfSKxIxKH,spotify:track:6jsmT1lO7ibXyvfSKxIxKH,5,0.2614392613315667
Stereo Love,UMAII,4pvQuMznanQIoAVshVwxLc,spotify:track:4pvQuMznanQIoAVshVwxLc,5,0.26287017177164035
Subliminal (Even the Ghosts are Laughing),HVDES,6T7ORp4dBOA93elX1NIYOm,spotify:track:6T7ORp4dBOA93elX1NIYOm,5,0.26360998986102063
Hold On To Tomorrow,Brennan Heart,7n6owMDtJiUBpKPxfSnzyK,spotify:track:7n6owMDtJiUBpKPxfSnzyK,5,0.26594887926093247
Remember You,Conro,796JqxZ3o0ZH6OllNRDuTY,spotify:track:796JqxZ3o0ZH6OllNRDuTY,5,0.26655340658179
Next To You (feat. Savoi) - Barely Alive & Virtual Riot Remix,L D R U,4FVh99gXimbloNdBhZqvsy,spotify:track:4FVh99gXimbloNdBhZqvsy,5,0.2705478281095486
Nocturne (Pierce Fulton Remix),EDEN,0n3lXKNCF3Wvvcs7UY66Ae,spotify:track:0n3lXKNCF3Wvvcs7UY66Ae,5,0.2729225133353791
Lost,ILLENIUM,4rIAqwhHGfWChQvQGYwEfR,spotify:track:4rIAqwhHGfWChQvQGYwEfR,5,0.27927180477237445
I'll Be Fine,Juice WRLD,0INehbMZOFPnaPBAjK97i3,spotify:track:0INehbMZOFPnaPBAjK97i3,5,0.2873654210401034
Learning To Survive,We Came As Romans,0bcIGs9uyrzMtKgdMam85f,spotify:track:0bcIGs9uyrzMtKgdMam85f,5,0.2906840342278623
Rainbows,Euphorizer,44HCNQNR0LaImQ8oDQvhsC,spotify:track:44HCNQNR0LaImQ8oDQvhsC,5,0.29195029622785984
Euphoria,NGHTMRE,1fzRMKWYSUqSnoEkYbS2mT,spotify:track:1fzRMKWYSUqSnoEkYbS2mT,5,0.29208809838312816
Whole World,raph,6CUHLz34mHKuWCysqf1ox6,spotify:track:6CUHLz34mHKuWCysqf1ox6,5,0.2941516902892185
Ignite,GARABATTO,1XncyoF9gnJSg1mj57TA7l,spotify:track:1XncyoF9gnJSg1mj57TA7l,5,0.3051378833907332
Homestead,Avi8,4hMG5tGjzCGgobKLhDQZCx,spotify:track:4hMG5tGjzCGgobKLhDQZCx,5,0.3074125256501431
Without Me (feat. Danni Carra),MitiS,0GY4AXqzFomDzUGtoSXB3e,spotify:track:0GY4AXqzFomDzUGtoSXB3e,5,0.3111885176225693
Never Change (feat. Gallie Fisher),Crystal Skies,0TPJpTRhfjL3LNNpH3qrHE,spotify:track:0TPJpTRhfjL3LNNpH3qrHE,5,0.31394931934627457
Follow - Zomboy Remix,Bro Safari,337KbThNHTghPQrZndXEFN,spotify:track:337KbThNHTghPQrZndXEFN,5,0.3141605497626108
Lullaby,Nickelback,6ITfKtFUsDi9X7krgWP2Fa,spotify:track:6ITfKtFUsDi9X7krgWP2Fa,5,0.3153684515543987
Party Up - Edit,Crisis Era,2ju9uVoJHra7sye7rt8Q93,spotify:track:2ju9uVoJHra7sye7rt8Q93,5,0.31844568475556895
Heroes Tonight,Janji,3SipFlNddvL0XNZRLXvdZD,spotify:track:3SipFlNddvL0XNZRLXvdZD,5,0.3229651316272063
ARMNHMR & Nolan van Lith - Alone (tofû remix),ARMNHMR,7xttyMEUQLyLbZC7mL3kRN,spotify:track:7xttyMEUQLyLbZC7mL3kRN,5,0.32607344280271106
Broken,Brennan Heart,1DCyCRChorPK6B4Thp4lD9,spotify:track:1DCyCRChorPK6B4Thp4lD9,5,0.3266047732045545
Electric Kids - Anki Remix,Tritonal,6axEjw6qhXSKVDFWG5UHhf,spotify:track:6axEjw6qhXSKVDFWG5UHhf,5,0.3275089347177303
Bittersweet Melody,Said The Sky,1YUn8WogP40RYJNSidN0lJ,spotify:track:1YUn8WogP40RYJNSidN0lJ,5,0.32815996993331803
Say It - Illenium Remix,Flume,1wfZdPy5FRWsdWaAEOG0Ml,spotify:track:1wfZdPy5FRWsdWaAEOG0Ml,5,0.3282658854551822
Runaway (feat. 3LAU) - T-Mass Remix,Bright Lights,1OeG8pHj6YFRHYiiFfKEMA,spotify:track:1OeG8pHj6YFRHYiiFfKEMA,5,0.3291648610513396
Lessons In Love (feat. Neon Trees),Kaskade,1NtVWYw9QDr30Ei0phACni,spotify:track:1NtVWYw9QDr30Ei0phACni,5,0.33041924707537285
Something New,Crystal Skies,0jeJFXFhA1YTdAEdAXe9GA,spotify:track:0jeJFXFhA1YTdAEdAXe9GA,5,0.33293820276246455
LMK (Let Me Know),Xandar,6elY964lG92Gt4rEk8B6RE,spotify:track:6elY964lG92Gt4rEk8B6RE,5,0.3329656799843533
Make It One Day,Wasted Penguinz,4hZpTCrAVGU04WchCdBuKO,spotify:track:4hZpTCrAVGU04WchCdBuKO,5,0.3353986360478456
GetBack2U,StayLoose,3EMoaoINI0YOkZ7rHPO1Oa,spotify:track:3EMoaoINI0YOkZ7rHPO1Oa,5,0.3369303094040589
Beautiful World - D-Block & S-te-Fan Radio Edit,Blasterjaxx,6YXWRtIpZ2F6phDxlMVrwh,spotify:track:6YXWRtIpZ2F6phDxlMVrwh,5,0.33922101056989196
Something to Believe in,Doctor P,0tQdLcD7uYJeeSReQqA3si,spotify:track:0tQdLcD7uYJeeSReQqA3si,5,0.3455007671313288
Solitude - Diamond Eyes Remix,Hybrid Minds,5KwTcWck3e1lDV8Z4shxTH,spotify:track:5KwTcWck3e1lDV8Z4shxTH,5,0.3465757891334041
Needed You The Most,yetep,2XtpNDPRx9McnfdobXXv8h,spotify:track:2XtpNDPRx9McnfdobXXv8h,5,0.3525857426563326
Ballarena,SAVI,7a0q6cS5vC3QZYxaC5Mx0S,spotify:track:7a0q6cS5vC3QZYxaC5Mx0S,5,0.35284607979326477
WKND - Radio Edit,Max Enforcer,4gMsevkQSm3ZPTWtu7Csbf,spotify:track:4gMsevkQSm3ZPTWtu7Csbf,5,0.35532642200723974
Holding on To,Janji,4NL44kWgUj4qwDtB9ogMer,spotify:track:4NL44kWgUj4qwDtB9ogMer,5,0.35772393766014976
Runaway - Radio Edit,Pierce Fulton,2eCjFwE5fwXttf6knCgX91,spotify:track:2eCjFwE5fwXttf6knCgX91,5,0.35804284197472086
I Won't Let You Fall (feat. Finn Askew) - BRVMES Remix,WHIPPED CREAM,0DkqJ45v7TMMUenOT78Axl,spotify:track:0DkqJ45v7TMMUenOT78Axl,5,0.3629446114807617
Bigroom Never Dies,Hardwell,7sV8l9oBVkyNlHXgZQZg6a,spotify:track:7sV8l9oBVkyNlHXgZQZg6a,5,0.36633805444066025
life after life,elijah woods,6KkSvREHsN9bFe1zrH3jVB,spotify:track:6KkSvREHsN9bFe1zrH3jVB,5,0.36790024399358157
Sleepwalker (Virtu Remix) (feat. Joni Fatora),ILLENIUM,31V5jMVim1N30V9GKgl7hH,spotify:track:31V5jMVim1N30V9GKgl7hH,5,0.369762175375213
Ice Cold,KLAXX,0KDNHOFNi7AAxsflj8ohxF,spotify:track:0KDNHOFNi7AAxsflj8ohxF,5,0.3713198332168094
Everytime We Touch,Cascada,1eOHw1k2AoluG4VyjBHLzX,spotify:track:1eOHw1k2AoluG4VyjBHLzX,5,0.3716261898243742
So Cold - Bruer & Bright Lies Remix,Mahalo,1eBrq2KXPsUbIIBavOJ6Or,spotify:track:1eBrq2KXPsUbIIBavOJ6Or,5,0.3778099518918154
Scars,I Prevail,6WaYiQUPel70HUaCZj5eND,spotify:track:6WaYiQUPel70HUaCZj5eND,5,0.37887611536015586
Lies,Mom N Dad,1Q7wBCtOKhlmLaYMhUJpKr,spotify:track:1Q7wBCtOKhlmLaYMhUJpKr,5,0.3790557443845475
The Other - Madison Mars Remix,Lauv,5yKAzjFe0QB7Oqp679Ymw7,spotify:track:5yKAzjFe0QB7Oqp679Ymw7,5,0.3806603572422754
Top Of The World,Tyron Hapi,7Hx5DuwkM2n5xfvV55UmDA,spotify:track:7Hx5DuwkM2n5xfvV55UmDA,5,0.3825470210759723
Get Burned,Effused,5Fk4cXGoETAfi36l4PRP3M,spotify:track:5Fk4cXGoETAfi36l4PRP3M,5,0.3833459109755386
Walk On Water - Love Is Gone pt. 2,SLANDER,0ow0OPJOJKhvFvWyLqcHFJ,spotify:track:0ow0OPJOJKhvFvWyLqcHFJ,5,0.3849529489813203
Let You Down,Stonebank,3WjsaQylfVq87F6hLfayiQ,spotify:track:3WjsaQylfVq87F6hLfayiQ,5,0.3902356014006557
Annihilation,Dropgun,17u0o2N543lAoM7jsH2Cbj,spotify:track:17u0o2N543lAoM7jsH2Cbj,5,0.39176621977817194
We'll Be Gone,Coone,1mhhgEfuEGW0EwB6kNuzkk,spotify:track:1mhhgEfuEGW0EwB6kNuzkk,5,0.3918927813572876
Children of the Sky,nanobii,2L3lYfrnZdm13IgvwR6HTW,spotify:track:2L3lYfrnZdm13IgvwR6HTW,5,0.39216964888712474
Would You Ever,Skrillex,57p8CBvPOxrvyCbn6ttl5r,spotify:track:57p8CBvPOxrvyCbn6ttl5r,5,0.3933771944752479
Get Your Wish,Porter Robinson,1HjZDqiaUrq46GHhHXE4vG,spotify:track:1HjZDqiaUrq46GHhHXE4vG,5,0.3946265957910815
Honestly,Airia,0gMOa9oUxdEPukkRm38lVm,spotify:track:0gMOa9oUxdEPukkRm38lVm,5,0.3960557805804939
River,Anonymouz,1kPoNSnxGFq5UZbGyNymsK,spotify:track:1kPoNSnxGFq5UZbGyNymsK,5,0.3970092842290397
Something Comforting,Porter Robinson,6iZVQLI9gs9kFRnmbQLzHO,spotify:track:6iZVQLI9gs9kFRnmbQLzHO,5,0.3992586105778919
Silver Lines,L I F E / L I N E,0A6OlipxxQacxuVVj9YJBC,spotify:track:0A6OlipxxQacxuVVj9YJBC,5,0.4038371920664176
Let You Go,yetep,4ZddEF3BVU4caxxmiRd3UG,spotify:track:4ZddEF3BVU4caxxmiRd3UG,5,0.4067228495528895
Night Terror (feat. Of Mice & Men),Kayzo,5AhV1iYCYJfdz8gTaikr5L,spotify:track:5AhV1iYCYJfdz8gTaikr5L,5,0.4076628185754837
I'd Do It Again,CRaymak,75E4j1YipmDDtTFOasnniz,spotify:track:75E4j1YipmDDtTFOasnniz,5,0.4089284484569907
Music Made Addict - The Prophet Remix Radio Edit,D-Block & S-te-Fan,0wsndPeliYL5SLWllE8iHs,spotify:track:0wsndPeliYL5SLWllE8iHs,5,0.4115296628229074
"deathwish (feat. nothing,nowhere.)",Stand Atlantic,4pi7qRGw2DDKAJMGHGcZ2O,spotify:track:4pi7qRGw2DDKAJMGHGcZ2O,5,0.4146534585339671
You and Only You,Arize,6qRpvLy7HgD96mWGHiTS2h,spotify:track:6qRpvLy7HgD96mWGHiTS2h,5,0.4151191290497346
I'm With You,JVNA,5xUDPa3IbhQAr3VmGuAUWi,spotify:track:5xUDPa3IbhQAr3VmGuAUWi,5,0.4181125108774844
Look at the Sky,Porter Robinson,4l5nn3zlcrKSB1eyfuWHhu,spotify:track:4l5nn3zlcrKSB1eyfuWHhu,5,0.4193887464671505
On My Own - Bishu Remix,Lookas,2lxABaTopA3eLW78gm6TnP,spotify:track:2lxABaTopA3eLW78gm6TnP,5,0.42376193694884706
Moshi Moshi (feat. Mama Aoki),Steve Aoki,17lEJ9k56Wi3udKUrR4VWR,spotify:track:17lEJ9k56Wi3udKUrR4VWR,5,0.4254840801921052
Alive (Trivecta Remix),Dabin,3i8IV2Gw4GG1D6Zhvf678s,spotify:track:3i8IV2Gw4GG1D6Zhvf678s,5,0.4294833221639227
Run It (feat. Annika Wells),Midnight Kids,3n3Oags848AKzbYH6qz5qX,spotify:track:3n3Oags848AKzbYH6qz5qX,5,0.4330062429850954
Still Right Here,Brennan Wolf,4wBLd7HUuolAy8BRYLEQcS,spotify:track:4wBLd7HUuolAy8BRYLEQcS,5,0.4406864183752433
Get Your Wish (Porter Robinson Cover),Essenger,3peTrZjg0aSPa1wXwaeNFo,spotify:track:3peTrZjg0aSPa1wXwaeNFo,5,0.4441353278680662
Far Away,Slushii,6XMOFJSLapzU6KtBdRsH1J,spotify:track:6XMOFJSLapzU6KtBdRsH1J,5,0.4449561736850136
Constellation,Far Out,0aDYbKm7Cwe3rkjihsj7S6,spotify:track:0aDYbKm7Cwe3rkjihsj7S6,5,0.4453028470009353
If It Means A Lot To You,A Day To Remember,3rEwGRmPVVudVjqdgv0tRR,spotify:track:3rEwGRmPVVudVjqdgv0tRR,5,0.448023284878938
"Hello, Goodbye (feat. Heather Sommer)",ARMNHMR,7I63r7m1mweYUwtC15l5Qn,spotify:track:7I63r7m1mweYUwtC15l5Qn,5,0.4508758226374191
Get Up,Adrenalize,3fUyhbetp4O7AEbCMAAWhn,spotify:track:3fUyhbetp4O7AEbCMAAWhn,5,0.45605927697047516
Last Goodbye,TOKYO ROSE,1d60khvJOU5PIUWNu35yGr,spotify:track:1d60khvJOU5PIUWNu35yGr,5,0.45754896646926957
With You (Sullivan King Remix),Excision,2ECpb587yqDqSNbYIbOM3j,spotify:track:2ECpb587yqDqSNbYIbOM3j,5,0.460818900487673
Spensive,So Loki,64ogD0Hz1vWMMxpMePv9lT,spotify:track:64ogD0Hz1vWMMxpMePv9lT,5,0.46312562778895167
First Time (feat. Dylan Matthew),Seven Lions,27YD36FUikKxbp3bKSiKGZ,spotify:track:27YD36FUikKxbp3bKSiKGZ,5,0.4632010748897927
Focus (feat. Heather Sommer),Far Out,3741oWUuNslK4IKVYp3o49,spotify:track:3741oWUuNslK4IKVYp3o49,5,0.47092977380332823
Fresh Static Snow,Porter Robinson,1LikBIcmCec6zE64SHFcMK,spotify:track:1LikBIcmCec6zE64SHFcMK,5,0.4768415975400988
THE DROP,Gammer,2sEeRKHVONJGERCwKCW2ix,spotify:track:2sEeRKHVONJGERCwKCW2ix,5,0.4773748931566161
Walk Away,Facading,390FMUoK9DfP4MmFLL3Pbj,spotify:track:390FMUoK9DfP4MmFLL3Pbj,5,0.47996349676575983
Sound of Where'd U Go,ILLENIUM,20KW4L9nwQ5oP4IHHrbCeY,spotify:track:20KW4L9nwQ5oP4IHHrbCeY,5,0.4809886642920062
Out Of My Mind,Husman,2ewk1e8QQQ6tdWi8BwL9Q8,spotify:track:2ewk1e8QQQ6tdWi8BwL9Q8,5,0.48301819113589595
Apollo (Radio Edit) [feat. Amba Shepherd],Hardwell,1JRCYEWIRbYcKYFxIdkkl9,spotify:track:1JRCYEWIRbYcKYFxIdkkl9,5,0.48315767092054135
Walk Thru Fire,Vicetone,2wQ411UQL2MRsdAgPRUstT,spotify:track:2wQ411UQL2MRsdAgPRUstT,5,0.48339919249563423
Amen (feat. Freetown Collective),Showtek,2BDYoTd5Lp1fuGiUEWivN7,spotify:track:2BDYoTd5Lp1fuGiUEWivN7,5,0.4848188511476492
Home,Madeon,3o5OyQ2tghLhOFjemvEloF,spotify:track:3o5OyQ2tghLhOFjemvEloF,5,0.4863538933179081
Lay It On Me (Feat. Keiynan Lonsdale),Kasbo,00c9VpjXk7iHdLEEzrAxbr,spotify:track:00c9VpjXk7iHdLEEzrAxbr,5,0.4885043336531122
Good Enough,Brennan Wolf,2e0jIqdFOY3V8qXJgxBSIK,spotify:track:2e0jIqdFOY3V8qXJgxBSIK,5,0.489105350757789
Best For You (feat. Selah Ford),Trivecta,6d3xdZzjCRlMAG6AMDhRMY,spotify:track:6d3xdZzjCRlMAG6AMDhRMY,5,0.4902065469416278
Friday Feeling,Fireboy DML,3l5sG44OMn4VSE42S5sxX5,spotify:track:3l5sG44OMn4VSE42S5sxX5,5,0.4903704799967666
do re mi,blackbear,3Q3myFA7q4Op95DOpHplaY,spotify:track:3Q3myFA7q4Op95DOpHplaY,5,0.4947708163856603
Clear,Miles Away,44B4IuFC7wGUA8OtSkmv68,spotify:track:44B4IuFC7wGUA8OtSkmv68,5,0.5015012966737359
Purple Gusher,Rezz,5bWWSN2wVv4fVUZiIrZL5q,spotify:track:5bWWSN2wVv4fVUZiIrZL5q,5,0.5023910590385641
Melancholy,Rezz,0rgYEoKvriKGhWc7uD6pRG,spotify:track:0rgYEoKvriKGhWc7uD6pRG,5,0.5044088134138968
11 Minutes (feat. Travis Barker) - Kayzo Remix,YUNGBLUD,0YbKNvAu6wHeM4bfRTZFT3,spotify:track:0YbKNvAu6wHeM4bfRTZFT3,5,0.5115584109500901
DRUGS!,Rezz,0LFEYK414JeUEFnx9CggX7,spotify:track:0LFEYK414JeUEFnx9CggX7,5,0.5148705508885997
We Might Fall,GHASTLY,3KrnkTF84wu0KF3vqVYgEh,spotify:track:3KrnkTF84wu0KF3vqVYgEh,5,0.5155818670531553
YDU (BKAYE Remix),Opia,3w3iIJQTU5D4OALtD976nf,spotify:track:3w3iIJQTU5D4OALtD976nf,5,0.5170657680360404
Lick It - Gammer Remix,Valentino Khan,3VmYPudwcZDO07nxjh1pX7,spotify:track:3VmYPudwcZDO07nxjh1pX7,5,0.5182941346205953
Don't Leave Me,Kaivon,1y2JYiki15hKngMyrXq6KY,spotify:track:1y2JYiki15hKngMyrXq6KY,5,0.5187935085056343
The Afterglow,Silverstein,2DdQUpye64CYDB9Hahf3Q3,spotify:track:2DdQUpye64CYDB9Hahf3Q3,5,0.5194901636596528
Waste It On Me (feat. BTS) - Steve Aoki The Bold Tender Sneeze Remix,Steve Aoki,7EGA4D5eRMEgoFZZRUMowW,spotify:track:7EGA4D5eRMEgoFZZRUMowW,5,0.5197111203023074
Count The Hours,BEAUZ,6IwqDqaYjDPzS3W8lDbtJH,spotify:track:6IwqDqaYjDPzS3W8lDbtJH,5,0.522165328095231
Forever - Edit,The Khemist,0gaY3FvdClQgzQm7Pv3iv9,spotify:track:0gaY3FvdClQgzQm7Pv3iv9,5,0.5386350896667634
Home,Rave New World,3AvERZJm26CbR8ocBxFJUo,spotify:track:3AvERZJm26CbR8ocBxFJUo,5,0.5407686966938156
Tequila - Radio Edit,Da Tweekaz,5thSw6C1tc64hMqtWK0Yue,spotify:track:5thSw6C1tc64hMqtWK0Yue,5,0.5453450623807284
Go Berzerk (Gammer Remix),Pegboard Nerds,6PJOAVeMvs437fEfCFG2er,spotify:track:6PJOAVeMvs437fEfCFG2er,5,0.552342298176037
GOLDEN FIRE,PassCode,60AqpdWolbpHme9szUW7RZ,spotify:track:60AqpdWolbpHme9szUW7RZ,5,0.5526361805117992
Worth Fighting For (Otero Remix),Rico & Miella,7q0S9pxEA7ejXrhZhswQmy,spotify:track:7q0S9pxEA7ejXrhZhswQmy,5,0.5527322739771926
SAD!,XXXTENTACION,35ieKju5aLWFN5UgfJ27mL,spotify:track:35ieKju5aLWFN5UgfJ27mL,5,0.5534672466658449
Beautiful Mistakes (feat. Megan Thee Stallion),Maroon 5,6fRxMU4LWwyaSSowV441IU,spotify:track:6fRxMU4LWwyaSSowV441IU,5,0.5571811049902387
Heart Like Mine,Code Black,4qPTJ9CmaSS6BcZQlC0dUM,spotify:track:4qPTJ9CmaSS6BcZQlC0dUM,5,0.5592839365188625
She Got Me Like,Max Enforcer,38uXPza8JCxT02Mh35Flua,spotify:track:38uXPza8JCxT02Mh35Flua,5,0.562304189921781
Take Ya Head Off,SVDDEN DEATH,75vNXX9hCL0yCAbYWKBBsB,spotify:track:75vNXX9hCL0yCAbYWKBBsB,5,0.5675819138258069
Leave Me Alone,Flipp Dinero,5vDvBD3ReINP8dXUplj477,spotify:track:5vDvBD3ReINP8dXUplj477,5,0.5732452854794432
Böö ^Bsiide,LöKii,3WxsECJmfRPc46o0eB11En,spotify:track:3WxsECJmfRPc46o0eB11En,5,0.5747301013428293
Run Free,Deep Chills,1oIdcFtf58sZbS7QyZQJ2P,spotify:track:1oIdcFtf58sZbS7QyZQJ2P,5,0.581869925816278
Runaways - Jay Hardway Remix Edit,Sam Feldt,2LSFCZPbecOIxviaglwVhj,spotify:track:2LSFCZPbecOIxviaglwVhj,5,0.5845100351456807
Smoke Filled Room - Elephante Remix,Mako,5fLZKOUE9D4JrbeAHV6pDI,spotify:track:5fLZKOUE9D4JrbeAHV6pDI,5,0.5846872201334906
Throw It Up,Wooli,6jc8ABfRupRa87DShTBnmh,spotify:track:6jc8ABfRupRa87DShTBnmh,5,0.5979939103440216
Gang Shit,Dion Timmer,0BalWDSJ7mtpiyplzQ9v6X,spotify:track:0BalWDSJ7mtpiyplzQ9v6X,5,0.6000828274584121
Get To U,Spag Heddy,4aCzzsrhWlgojbzzdhWPRR,spotify:track:4aCzzsrhWlgojbzzdhWPRR,5,0.6002424003988021
Rebels Feat. Macntaj,Black Tiger Sex Machine,3H2tIARwlAIXMkF1azCxPB,spotify:track:3H2tIARwlAIXMkF1azCxPB,5,0.602999156966295
A Different Way (with Lauv),DJ Snake,1YMBg7rOjxzbya0fPOYfNX,spotify:track:1YMBg7rOjxzbya0fPOYfNX,5,0.6203856440237098
Super Nova,YUKIYANAGI,76mCCIqDCMZVAvkLB8QNNF,spotify:track:76mCCIqDCMZVAvkLB8QNNF,5,0.6211559940658664
Homecoming,Jay Reeve,4ZipyNrVMRvKN7toOST7P1,spotify:track:4ZipyNrVMRvKN7toOST7P1,5,0.6221528463765386
Chicken Soup,Skrillex,7hU38LHqMSPFrvoqADFJp4,spotify:track:7hU38LHqMSPFrvoqADFJp4,5,0.6254848076722632
In The Dark (with Jhené Aiko),Swae Lee,4ZB2yAZyPHI6SHdFPPT9sa,spotify:track:4ZB2yAZyPHI6SHdFPPT9sa,5,0.6275216846971533
Hate Being Alone,SLANDER,3EVwNrVchN0ohZAe9j03C3,spotify:track:3EVwNrVchN0ohZAe9j03C3,5,0.6290798066206147
a thousand years,GhostDragon,5Jx93pIMa528Dg6Vg20L0D,spotify:track:5Jx93pIMa528Dg6Vg20L0D,5,0.6322500469782872
Rapture,Kompany,7vtRIoGjWGl49gUSULroi8,spotify:track:7vtRIoGjWGl49gUSULroi8,5,0.6410770210667359
Lie,Sullivan King,1cKzB0tgROMsof07ykmvuK,spotify:track:1cKzB0tgROMsof07ykmvuK,5,0.655078342913525
Pit Boss - BadKlaat Remix,Riot Ten,4op1jYRmceHL6ruqOw8Ulq,spotify:track:4op1jYRmceHL6ruqOw8Ulq,5,0.6668119540654933
Love You Better (feat. Glades),Feki,1NS9Uysj4qkugz1HPO8yyq,spotify:track:1NS9Uysj4qkugz1HPO8yyq,5,0.6740723484788352
Battle Drums,Kayzo,30XZElqGTzvdg6clMAMcEp,spotify:track:30XZElqGTzvdg6clMAMcEp,5,0.6764244956397407
Fcukin Beats,Laidback Luke,2XtxcDeJKfsW5J2gSOAVb9,spotify:track:2XtxcDeJKfsW5J2gSOAVb9,5,0.680206372236141
4AM - k?D Remix,Huntar,0Y36Hg6RCH0QZygGcnuxk4,spotify:track:0Y36Hg6RCH0QZygGcnuxk4,5,0.6828020392402396
The Mechanisms Of Nature (Dream Village Anthem 2016) - Radio Edit,Energyzed,31njlLkqIG1eTrxY2AVFAv,spotify:track:31njlLkqIG1eTrxY2AVFAv,5,0.6881859085332743
Alive - Zedd Remix,Empire of the Sun,4xufJkRQpBvnfMB9OJNdDw,spotify:track:4xufJkRQpBvnfMB9OJNdDw,5,0.6960969644049113
G Shit (Badklaat Remix),Excision,7CTTLQc0CmdjczA0Lfszpg,spotify:track:7CTTLQc0CmdjczA0Lfszpg,5,0.7232584576049295
Replica,1788-L,6xpBvLjxIKYY35Mws966OW,spotify:track:6xpBvLjxIKYY35Mws966OW,5,0.7267768041219048
One Point Perspective,Arctic Monkeys,1t67WYNfUxfOiwaz7SJ66b,spotify:track:1t67WYNfUxfOiwaz7SJ66b,5,0.7305031713105211
Superhuman (feat. Eric Leva),SLANDER,5iPnsVuITetx7KctVo7RW9,spotify:track:5iPnsVuITetx7KctVo7RW9,5,0.8390919399521012
a mosh pit love story,Savage Ga$p,5Q7JUXXghzKqPPS2IrJK8O,spotify:track:5Q7JUXXghzKqPPS2IrJK8O,5,0.913420140486726
Limitless,Martin Garrix,44ib3nlda2rBy0qmMUelnd,spotify:track:44ib3nlda2rBy0qmMUelnd,6,0.294942192579476
I Know,3rd Prototype,2ywx0zy4Nj7aQ9jXZL3Mlh,spotify:track:2ywx0zy4Nj7aQ9jXZL3Mlh,6,0.32739349155054276
Switch,Don Diablo,7m5dSU1SXdEdLAOGFeUKQQ,spotify:track:7m5dSU1SXdEdLAOGFeUKQQ,6,0.33679931593107365
Inception,Teminite,166BPked9ThuLqO9wpdgNp,spotify:track:166BPked9ThuLqO9wpdgNp,6,0.3441970499297352
BOOM,Tiësto,7Mq3vRtwjRdDTxpQXrS8k6,spotify:track:7Mq3vRtwjRdDTxpQXrS8k6,6,0.355001852342117
Take It Down,Facading,6FLlxN0XdU2gek5JlY5hfA,spotify:track:6FLlxN0XdU2gek5JlY5hfA,6,0.35681028446191876
Life & Death,Stonebank,23bpIapGqrUj9I880gJp43,spotify:track:23bpIapGqrUj9I880gJp43,6,0.3725289257333414
Imperium - Dillon Francis Remix,Madeon,5sj5gye9fsojnLDx6cskIJ,spotify:track:5sj5gye9fsojnLDx6cskIJ,6,0.37747522672137673
Surface,Kotek,2LCAsCXHf2LoC54OockAq1,spotify:track:2LCAsCXHf2LoC54OockAq1,6,0.3960154093669768
Cadaverous - Original Mix,Kai Wachi,1xeBWVkbQL7jWkSR2WX92g,spotify:track:1xeBWVkbQL7jWkSR2WX92g,6,0.3989813594309047
Synners,SYN,7sUXNdvR2ycPRESXCMvnnS,spotify:track:7sUXNdvR2ycPRESXCMvnnS,6,0.41141802072403033
Who Do You Love - Instrumental Version Originally Performed By The Chainsmokers feat. 5 Seconds Of Summer,Covered Up,58btvBsloPp0DtnitoXD9i,spotify:track:58btvBsloPp0DtnitoXD9i,6,0.41650185113756366
Providence,Caezer,0SJkIl19vpF1MltM9jotaF,spotify:track:0SJkIl19vpF1MltM9jotaF,6,0.41686266690044876
Wave Your Hands,Bassjackers,53ctqsJg0nAwVTuH2jHVZu,spotify:track:53ctqsJg0nAwVTuH2jHVZu,6,0.4218317623532041
Humanity,Max Brhon,2oWT0CaXgzDkcpfjCtzIpf,spotify:track:2oWT0CaXgzDkcpfjCtzIpf,6,0.4587404446150704
Feelin',Andrea Rullo,4Bg6zfljW0W4ECPKG1qZ17,spotify:track:4Bg6zfljW0W4ECPKG1qZ17,6,0.4602446555949642
Make up Your Mind,Martin Garrix,3G94lNH9BlS5a2WpfwJ1E6,spotify:track:3G94lNH9BlS5a2WpfwJ1E6,6,0.4636246312825637
H E X,Rezz,4Js1cgSrcGiTNCEwUOFhvv,spotify:track:4Js1cgSrcGiTNCEwUOFhvv,6,0.4736294041947923
Lyra,Social Kid,2bZxkp52ghcqGrc7r7PUix,spotify:track:2bZxkp52ghcqGrc7r7PUix,6,0.48830456970485764
You're Gonna Love Me - Sharks Remix,Eliminate,4Ue5slCq9MDyqFoPdTPmL1,spotify:track:4Ue5slCq9MDyqFoPdTPmL1,6,0.4912875441121813
Edge,Rezz,4pCvnGkf7jveRMKHZosxxB,spotify:track:4pCvnGkf7jveRMKHZosxxB,6,0.5123151831033658
I Need You,Delta Heavy,1417jXhn9rLWWnW9V4QgZi,spotify:track:1417jXhn9rLWWnW9V4QgZi,6,0.5167901522120111
Death Rattle,Blanke,09PXdHV9UTx8IdyC5RNyC8,spotify:track:09PXdHV9UTx8IdyC5RNyC8,6,0.5274322313534191
Gabsi's Revenge,NVADRZ,6AIlS6rrs8g19RYLVj6HG8,spotify:track:6AIlS6rrs8g19RYLVj6HG8,6,0.5369705640166336
Greyhound,Swedish House Mafia,0VffaI2jwQknRrxpECYHsF,spotify:track:0VffaI2jwQknRrxpECYHsF,6,0.5552068194238226
You Wanted It,WHIPPED CREAM,1K5IrfpSHU6RXQx1zZXzgk,spotify:track:1K5IrfpSHU6RXQx1zZXzgk,6,0.5627564844243225
Enlightenment,Elysiums,6dQQkd56aJBSs78QcsaQIt,spotify:track:6dQQkd56aJBSs78QcsaQIt,6,0.5676482344308815
Fourth Impact,Rezz,4dG0SlYdknf1J5qqIZwDLo,spotify:track:4dG0SlYdknf1J5qqIZwDLo,6,0.5892129700877282
Bodied,Kai Wachi,0lIzrrGQvyPa9zr1Ow5Sfo,spotify:track:0lIzrrGQvyPa9zr1Ow5Sfo,6,0.5956946246094329
Unbroken,SIERRA,4Git2fsggVJ0QoyKiV26Es,spotify:track:4Git2fsggVJ0QoyKiV26Es,6,0.615902710865512
All I Want Is You,yetep,3H1eLsV5i17BuLvC4mtPAO,spotify:track:3H1eLsV5i17BuLvC4mtPAO,6,0.6210927202671783
Helix,Flume,79uaE0SyKAz90xMWHLDgjL,spotify:track:79uaE0SyKAz90xMWHLDgjL,6,0.6343881041126241
Silence,Slang Dogs,4BOo8gP8Jaueh5DrRtxxHK,spotify:track:4BOo8gP8Jaueh5DrRtxxHK,6,0.639078900787401
27 Club,Trophy Eyes,4PLL6jC47gqKKx6lrkV8b7,spotify:track:4PLL6jC47gqKKx6lrkV8b7,6,0.6525905271467157
Propaganda,DJ Snake,4yz84jTi3Kb0IrA5QCiCLz,spotify:track:4yz84jTi3Kb0IrA5QCiCLz,6,0.6587736195423726
Mixed Signals,Rezz,46YgxHQSY7n35YcF64rKrD,spotify:track:46YgxHQSY7n35YcF64rKrD,6,0.7023741538805807
Nevada - Vicetone Lofi Mix,Vicetone,0ueILWV4Pvzx5hJCMCn975,spotify:track:0ueILWV4Pvzx5hJCMCn975,6,0.8605850551024006
keygen,Nitro Fun,6ONGZnfYQzjhFl0C9mQLBg,spotify:track:6ONGZnfYQzjhFl0C9mQLBg,6,0.9067290401930432
Nightmare On Rezz Street (Halloween Mix),Rezz,4SiwkU9OTJTFmjqkr9O6xJ,spotify:track:4SiwkU9OTJTFmjqkr9O6xJ,6,1.1015754817858026
Phony,Noflik,56PgMbDFnySqvoKiFRyNLY,spotify:track:56PgMbDFnySqvoKiFRyNLY,6,1.1531068270420952
The Purge | Trap Type Beat,Havock Beatz,6kcwKnqDhSH4vyYJeDxeBw,spotify:track:6kcwKnqDhSH4vyYJeDxeBw,6,1.226142813220196
